Time, HF1, HF2, TC1
06/27/16_14:03:43, 0.000000, 0.000000, 24.682308
06/27/16_14:03:44, 0.000000, 0.000000, 24.682308
06/27/16_14:03:46, 0.000000, 0.000000, 24.682308
06/27/16_14:03:48, 0.000000, 0.000000, 24.682308
06/27/16_14:03:49, 0.000000, 0.000000, 24.682308
06/27/16_14:03:51, 0.000000, 0.000000, 24.682308
06/27/16_14:03:52, 0.000000, 0.000000, 24.682308
06/27/16_14:03:54, 0.000000, 0.000000, 24.682308
06/27/16_14:03:55, 0.000000, 0.000000, 25.659824
06/27/16_14:03:57, 0.000000, 0.000000, 30.547405
06/27/16_14:03:58, 0.000000, 0.000000, 31.524921
06/27/16_14:04:00, 0.000000, 0.000000, 28.592372
06/27/16_14:04:01, 0.000000, 0.000000, 27.614856
06/27/16_14:04:03, 0.000000, 0.000000, 26.637340
06/27/16_14:04:04, 0.000188, 0.000000, 25.659824
06/27/16_14:04:06, 0.000562, 0.000000, 24.682308
06/27/16_14:04:07, 0.000375, 0.000000, 24.682308
06/27/16_14:04:09, 0.000188, 0.000750, 24.682308
06/27/16_14:04:10, 0.000000, 0.000750, 24.682308
06/27/16_14:04:12, 0.000000, 0.000188, 24.682308
06/27/16_14:04:13, 0.000000, 0.000188, 25.659824
06/27/16_14:04:15, 0.000000, 0.000000, 24.682308
06/27/16_14:04:17, 0.000000, 0.000000, 24.682308
06/27/16_14:04:18, 0.000000, 0.000000, 25.659824
06/27/16_14:04:20, 0.000000, 0.000000, 25.659824
06/27/16_14:04:21, 0.000000, 0.000000, 25.659824
06/27/16_14:04:23, 0.000000, 0.000000, 25.659824
06/27/16_14:04:24, 0.000000, 0.000000, 25.659824
06/27/16_14:04:26, 0.000000, 0.000000, 24.682308
06/27/16_14:04:27, 0.000000, 0.000000, 25.659824
06/27/16_14:04:29, 0.000000, 0.000000, 25.659824
06/27/16_14:04:31, 0.000000, 0.000000, 25.659824
06/27/16_14:04:32, 0.000000, 0.000000, 25.659824
06/27/16_14:04:34, 0.000000, 0.000000, 25.659824
06/27/16_14:04:35, 0.000000, 0.000000, 25.659824
06/27/16_14:04:37, 0.000000, 0.000000, 24.682308
06/27/16_14:04:38, 0.000000, 0.000000, 24.682308
06/27/16_14:04:40, 0.000000, 0.000000, 24.682308
06/27/16_14:04:41, 0.000188, 0.000000, 24.682308
06/27/16_14:04:43, 0.000000, 0.000000, 24.682308
06/27/16_14:04:44, 0.000000, 0.000000, 25.659824
06/27/16_14:04:46, 0.000000, 0.000000, 24.682308
06/27/16_14:04:47, 0.000000, 0.000000, 24.682308
06/27/16_14:04:49, 0.000000, 0.000000, 25.659824
06/27/16_14:04:51, 0.000000, 0.000000, 24.682308
06/27/16_14:04:52, 0.000000, 0.000000, 25.659824
06/27/16_14:04:54, 0.000000, 0.000000, 24.682308
06/27/16_14:04:56, 0.000000, 0.000000, 25.659824
06/27/16_14:04:57, 0.000000, 0.000000, 25.659824
06/27/16_14:04:59, 0.000000, 0.000000, 25.659824
06/27/16_14:05:00, 0.000000, 0.000000, 24.682308
06/27/16_14:05:02, 0.000000, 0.000000, 23.704792
06/27/16_14:05:03, 0.000000, 0.000000, 24.682308
06/27/16_14:05:05, 0.000000, 0.000000, 24.682308
06/27/16_14:05:06, 0.000000, 0.000000, 24.682308
06/27/16_14:05:08, 0.000000, 0.000000, 24.682308
06/27/16_14:05:10, 0.000000, 0.000000, 24.682308
06/27/16_14:05:11, 0.000000, 0.000000, 24.682308
06/27/16_14:05:13, 0.000000, 0.000000, 24.682308
06/27/16_14:05:14, 0.000000, 0.000000, 24.682308
06/27/16_14:05:16, 0.000000, 0.000000, 24.682308
06/27/16_14:05:17, 0.000000, 0.000000, 24.682308
06/27/16_14:05:19, 0.000000, 0.000000, 24.682308
06/27/16_14:05:20, 0.000000, 0.000000, 24.682308
06/27/16_14:05:22, 0.000000, 0.000000, 25.659824
06/27/16_14:05:24, 0.000000, 0.000000, 24.682308
06/27/16_14:05:25, 0.000000, 0.000000, 26.637340
06/27/16_14:05:27, 0.000000, 0.000000, 24.682308
06/27/16_14:05:28, 0.000000, 0.000000, 24.682308
06/27/16_14:05:30, 0.000000, 0.000000, 24.682308
06/27/16_14:05:32, 0.000000, 0.000000, 24.682308
06/27/16_14:05:33, 0.000000, 0.000000, 24.682308
06/27/16_14:05:35, 0.000000, 0.000000, 24.682308
06/27/16_14:05:36, 0.000000, 0.000000, 24.682308
06/27/16_14:05:38, 0.000000, 0.000000, 24.682308
06/27/16_14:05:39, 0.000000, 0.000000, 24.682308
06/27/16_14:05:41, 0.000000, 0.000000, 24.682308
06/27/16_14:05:42, 0.000000, 0.000000, 23.704792
06/27/16_14:05:44, 0.000000, 0.000000, 25.659824
06/27/16_14:05:45, 0.000000, 0.000000, 24.682308
06/27/16_14:05:47, 0.000000, 0.000000, 24.682308
06/27/16_14:05:48, 0.000000, 0.000000, 24.682308
06/27/16_14:05:50, 0.000000, 0.000000, 24.682308
06/27/16_14:05:52, 0.000000, 0.000000, 24.682308
06/27/16_14:05:53, 0.000000, 0.000000, 24.682308
06/27/16_14:05:55, 0.000000, 0.000000, 27.614856
06/27/16_14:05:56, 0.000188, 0.000188, 32.502437
06/27/16_14:05:58, 0.000188, 0.000562, 32.502437
06/27/16_14:05:59, 0.000188, 0.000562, 32.502437
06/27/16_14:06:01, 0.000188, 0.000562, 34.457469
06/27/16_14:06:03, 0.000188, 0.000375, 37.390018
06/27/16_14:06:04, 0.000188, 0.000562, 38.367557
06/27/16_14:06:05, 0.000188, 0.000375, 35.434986
06/27/16_14:06:07, 0.000000, 0.000188, 35.434986
06/27/16_14:06:09, 0.000000, 0.000000, 32.502437
06/27/16_14:06:10, 0.000000, 0.000188, 32.502437
06/27/16_14:06:12, 0.000000, 0.000000, 31.524921
06/27/16_14:06:13, 0.000188, 0.000188, 31.524921
06/27/16_14:06:15, 0.000188, 0.000375, 33.479953
06/27/16_14:06:16, 0.000188, 0.000375, 32.502437
06/27/16_14:06:18, 0.000188, 0.000375, 33.479953
06/27/16_14:06:20, 0.000188, 0.000562, 32.502437
06/27/16_14:06:21, 0.000188, 0.000375, 32.502437
06/27/16_14:06:23, 0.000188, 0.000562, 32.502437
06/27/16_14:06:24, 0.000188, 0.000562, 31.524921
06/27/16_14:06:26, 0.000188, 0.000562, 31.524921
06/27/16_14:06:27, 0.000188, 0.000562, 32.502437
06/27/16_14:06:29, 0.000000, 0.000562, 31.524921
06/27/16_14:06:30, 0.000000, 0.000562, 31.524921
06/27/16_14:06:32, 0.000000, 0.000562, 32.502437
06/27/16_14:06:34, 0.000000, 0.000562, 31.524921
06/27/16_14:06:35, 0.000000, 0.000562, 31.524921
06/27/16_14:06:37, 0.000188, 0.000562, 31.524921
06/27/16_14:06:38, 0.000000, 0.000562, 31.524921
06/27/16_14:06:40, 0.000188, 0.000375, 31.524921
06/27/16_14:06:42, 0.000000, 0.000562, 31.524921
06/27/16_14:06:43, 0.000188, 0.000562, 31.524921
06/27/16_14:06:45, 0.000188, 0.000562, 32.502437
06/27/16_14:06:46, 0.000000, 0.000562, 32.502437
06/27/16_14:06:48, 0.000188, 0.000562, 32.502437
06/27/16_14:06:49, 0.000188, 0.000562, 32.502437
06/27/16_14:06:51, 0.000188, 0.000562, 31.524921
06/27/16_14:06:53, 0.000188, 0.000562, 31.524921
06/27/16_14:06:54, 0.000000, 0.000750, 31.524921
06/27/16_14:06:56, 0.000188, 0.000562, 31.524921
06/27/16_14:06:57, 0.000188, 0.000562, 31.524921
06/27/16_14:06:59, 0.000188, 0.000562, 30.547405
06/27/16_14:07:01, 0.000188, 0.000562, 30.547405
06/27/16_14:07:02, 0.000188, 0.000562, 30.547405
06/27/16_14:07:04, 0.000188, 0.000562, 30.547405
06/27/16_14:07:05, 0.000188, 0.000562, 30.547405
06/27/16_14:07:07, 0.000188, 0.000562, 30.547405
06/27/16_14:07:08, 0.000188, 0.000375, 29.569889
06/27/16_14:07:10, 0.000188, 0.000188, 30.547405
06/27/16_14:07:12, 0.000000, 0.000188, 30.547405
06/27/16_14:07:13, 0.000188, 0.000188, 30.547405
06/27/16_14:07:15, 0.000188, 0.000188, 30.547405
06/27/16_14:07:16, 0.000188, 0.000188, 31.524921
06/27/16_14:07:18, 0.000188, 0.000188, 31.524921
06/27/16_14:07:19, 0.000188, 0.000188, 31.524921
06/27/16_14:07:21, 0.000188, 0.000188, 31.524921
06/27/16_14:07:22, 0.000188, 0.000188, 31.524921
06/27/16_14:07:24, 0.000188, 0.000188, 31.524921
06/27/16_14:07:26, 0.000188, 0.000188, 30.547405
06/27/16_14:07:27, 0.000188, 0.000188, 30.547405
06/27/16_14:07:29, 0.000188, 0.000188, 30.547405
06/27/16_14:07:30, 0.000188, 0.000188, 30.547405
06/27/16_14:07:32, 0.000000, 0.000188, 30.547405
06/27/16_14:07:33, 0.000188, 0.000188, 31.524921
06/27/16_14:07:35, 0.000188, 0.000188, 31.524921
06/27/16_14:07:36, 0.000188, 0.000188, 32.502437
06/27/16_14:07:38, 0.000188, 0.000188, 30.547405
06/27/16_14:07:40, 0.000188, 0.000188, 31.524921
06/27/16_14:07:41, 0.000188, 0.000188, 31.524921
06/27/16_14:07:43, 0.000375, 0.000375, 31.524921
06/27/16_14:07:44, 0.000375, 0.000375, 31.524921
06/27/16_14:07:46, 0.000562, 0.000375, 31.524921
06/27/16_14:07:47, 0.000562, 0.000375, 31.524921
06/27/16_14:07:49, 0.000375, 0.000375, 31.524921
06/27/16_14:07:50, 0.000375, 0.000188, 30.547405
06/27/16_14:07:52, 0.000188, 0.000188, 30.547405
06/27/16_14:07:53, 0.000188, 0.000188, 30.547405
06/27/16_14:07:55, 0.000188, 0.000000, 31.524921
06/27/16_14:07:57, 0.000375, 0.000000, 31.524921
06/27/16_14:07:58, 0.000375, 0.000000, 30.547405
06/27/16_14:08:00, 0.000562, 0.000188, 30.547405
06/27/16_14:08:01, 0.000188, 0.000188, 30.547405
06/27/16_14:08:03, 0.000188, 0.000188, 29.569889
06/27/16_14:08:05, 0.000000, 0.000188, 30.547405
06/27/16_14:08:06, 0.000188, 0.000188, 30.547405
06/27/16_14:08:08, 0.000188, 0.000188, 31.524921
06/27/16_14:08:09, 0.000188, 0.000375, 31.524921
06/27/16_14:08:11, 0.000188, 0.000188, 31.524921
06/27/16_14:08:13, 0.000188, 0.000188, 30.547405
06/27/16_14:08:14, 0.000188, 0.000188, 31.524921
06/27/16_14:08:16, 0.000188, 0.000000, 31.524921
06/27/16_14:08:17, 0.000188, 0.000188, 31.524921
06/27/16_14:08:19, 0.000000, 0.000000, 31.524921
06/27/16_14:08:20, 0.000000, 0.000000, 31.524921
06/27/16_14:08:22, 0.000000, 0.000000, 31.524921
06/27/16_14:08:23, 0.000000, 0.000000, 31.524921
06/27/16_14:08:25, 0.000000, 0.000000, 30.547405
06/27/16_14:08:27, 0.000000, 0.000000, 31.524921
06/27/16_14:08:28, 0.000000, 0.000000, 31.524921
06/27/16_14:08:30, 0.000000, 0.000188, 31.524921
06/27/16_14:08:31, 0.000000, 0.000000, 31.524921
06/27/16_14:08:33, 0.000000, 0.000000, 31.524921
06/27/16_14:08:34, 0.000000, 0.000000, 32.502437
06/27/16_14:08:36, 0.000188, 0.000000, 31.524921
06/27/16_14:08:38, 0.000000, 0.000000, 31.524921
06/27/16_14:08:39, 0.000000, 0.000000, 31.524921
06/27/16_14:08:41, 0.000000, 0.000188, 31.524921
06/27/16_14:08:42, 0.000000, 0.000188, 31.524921
06/27/16_14:08:44, 0.000000, 0.000000, 30.547405
06/27/16_14:08:46, 0.000000, 0.000000, 32.502437
06/27/16_14:08:47, 0.000000, 0.000000, 31.524921
06/27/16_14:08:49, 0.000000, 0.000000, 31.524921
06/27/16_14:08:50, 0.000000, 0.000000, 31.524921
06/27/16_14:08:52, 0.000000, 0.000000, 31.524921
06/27/16_14:08:53, 0.000000, 0.000188, 30.547405
06/27/16_14:08:55, 0.000000, 0.000188, 31.524921
06/27/16_14:08:56, 0.000000, 0.000188, 32.502437
06/27/16_14:08:58, 0.000000, 0.000188, 31.524921
06/27/16_14:09:00, 0.000000, 0.000188, 31.524921
06/27/16_14:09:01, 0.000000, 0.000188, 31.524921
06/27/16_14:09:03, 0.000188, 0.000188, 31.524921
06/27/16_14:09:04, 0.000000, 0.000000, 31.524921
06/27/16_14:09:06, 0.000188, 0.000000, 31.524921
06/27/16_14:09:07, 0.000188, 0.000000, 31.524921
06/27/16_14:09:09, 0.000000, 0.000000, 32.502437
06/27/16_14:09:11, 0.000000, 0.000000, 30.547405
06/27/16_14:09:12, 0.000000, 0.000000, 30.547405
06/27/16_14:09:14, 0.000000, 0.000000, 31.524921
06/27/16_14:09:15, 0.000000, 0.000000, 31.524921
06/27/16_14:09:17, 0.000000, 0.000000, 31.524921
06/27/16_14:09:18, 0.000000, 0.000000, 31.524921
06/27/16_14:09:20, 0.000188, 0.000188, 31.524921
06/27/16_14:09:21, 0.000000, 0.000188, 30.547405
06/27/16_14:09:23, 0.000000, 0.000188, 29.569889
06/27/16_14:09:25, 0.000000, 0.000188, 31.524921
06/27/16_14:09:26, 0.000000, 0.000188, 30.547405
06/27/16_14:09:28, 0.000000, 0.000188, 31.524921
06/27/16_14:09:29, 0.000000, 0.000000, 31.524921
06/27/16_14:09:31, 0.000000, 0.000188, 31.524921
06/27/16_14:09:33, 0.000000, 0.000000, 30.547405
06/27/16_14:09:34, 0.000188, 0.000000, 31.524921
06/27/16_14:09:36, 0.000000, 0.000188, 31.524921
06/27/16_14:09:37, 0.000000, 0.000000, 31.524921
06/27/16_14:09:39, 0.000188, 0.000188, 31.524921
06/27/16_14:09:40, 0.000000, 0.000000, 31.524921
06/27/16_14:09:42, 0.000000, 0.000000, 31.524921
06/27/16_14:09:44, 0.000000, 0.000000, 31.524921
06/27/16_14:09:45, 0.000000, 0.000000, 31.524921
06/27/16_14:09:47, 0.000000, 0.000188, 31.524921
06/27/16_14:09:49, 0.000000, 0.000188, 31.524921
06/27/16_14:09:50, 0.000000, 0.000000, 30.547405
06/27/16_14:09:52, 0.000000, 0.000000, 30.547405
06/27/16_14:09:53, 0.000000, 0.000000, 31.524921
06/27/16_14:09:55, 0.000000, 0.000188, 31.524921
06/27/16_14:09:56, 0.000000, 0.000188, 31.524921
06/27/16_14:09:58, 0.000000, 0.000188, 30.547405
06/27/16_14:10:00, 0.000000, 0.000000, 30.547405
06/27/16_14:10:01, 0.000000, 0.000000, 30.547405
06/27/16_14:10:02, 0.000188, 0.000000, 30.547405
06/27/16_14:10:04, 0.000000, 0.000000, 31.524921
06/27/16_14:10:05, 0.000000, 0.000000, 31.524921
06/27/16_14:10:07, 0.000000, 0.000000, 29.569889
06/27/16_14:10:09, 0.000188, 0.000000, 36.412502
06/27/16_14:10:10, 0.000000, 0.000000, 31.524921
06/27/16_14:10:12, 0.000000, 0.000000, 30.547405
06/27/16_14:10:13, 0.000000, 0.000000, 31.524921
06/27/16_14:10:15, 0.000000, 0.000188, 30.547405
06/27/16_14:10:16, 0.000188, 0.000000, 31.524921
06/27/16_14:10:18, 0.000188, 0.000000, 30.547405
06/27/16_14:10:19, 0.000000, 0.000188, 29.569889
06/27/16_14:10:21, 0.000000, 0.000188, 31.524921
06/27/16_14:10:23, 0.000188, 0.000188, 30.547405
06/27/16_14:10:24, 0.000000, 0.000188, 30.547405
06/27/16_14:10:26, 0.000188, 0.000000, 31.524921
06/27/16_14:10:27, 0.000000, 0.000000, 30.547405
06/27/16_14:10:29, 0.000188, 0.000000, 30.547405
06/27/16_14:10:30, 0.000188, 0.000000, 30.547405
06/27/16_14:10:32, 0.000000, 0.000188, 31.524921
06/27/16_14:10:34, 0.000000, 0.000000, 30.547405
06/27/16_14:10:35, 0.000000, 0.000188, 30.547405
06/27/16_14:10:37, 0.000000, 0.000000, 30.547405
06/27/16_14:10:38, 0.000000, 0.000000, 31.524921
06/27/16_14:10:40, 0.000000, 0.000000, 31.524921
06/27/16_14:10:41, 0.000000, 0.000188, 30.547405
06/27/16_14:10:43, 0.000000, 0.000188, 31.524921
06/27/16_14:10:44, 0.000000, 0.000188, 31.524921
06/27/16_14:10:46, 0.000000, 0.000188, 31.524921
06/27/16_14:10:48, 0.000000, 0.000000, 31.524921
06/27/16_14:10:49, 0.000000, 0.000000, 31.524921
06/27/16_14:10:51, 0.000188, 0.000000, 31.524921
06/27/16_14:10:52, 0.000188, 0.000188, 30.547405
06/27/16_14:10:54, 0.000000, 0.000188, 30.547405
06/27/16_14:10:55, 0.000000, 0.000188, 30.547405
06/27/16_14:10:57, 0.000000, 0.000000, 30.547405
06/27/16_14:10:58, 0.000000, 0.000000, 30.547405
06/27/16_14:11:00, 0.000188, 0.000188, 30.547405
06/27/16_14:11:01, 0.000000, 0.000188, 30.547405
06/27/16_14:11:03, 0.000000, 0.000000, 30.547405
06/27/16_14:11:04, 0.000000, 0.000000, 30.547405
06/27/16_14:11:06, 0.000000, 0.000188, 30.547405
06/27/16_14:11:07, 0.000188, 0.000000, 30.547405
06/27/16_14:11:09, 0.000188, 0.000188, 30.547405
06/27/16_14:11:11, 0.000188, 0.000000, 29.569889
06/27/16_14:11:12, 0.000000, 0.000188, 31.524921
06/27/16_14:11:14, 0.000000, 0.000188, 30.547405
06/27/16_14:11:15, 0.000000, 0.000188, 30.547405
06/27/16_14:11:17, 0.000000, 0.000000, 31.524921
06/27/16_14:11:18, 0.000000, 0.000000, 31.524921
06/27/16_14:11:20, 0.000188, 0.000000, 31.524921
06/27/16_14:11:21, 0.000000, 0.000000, 31.524921
06/27/16_14:11:23, 0.000000, 0.000000, 30.547405
06/27/16_14:11:24, 0.000000, 0.000000, 30.547405
06/27/16_14:11:26, 0.000188, 0.000000, 30.547405
06/27/16_14:11:27, 0.000000, 0.000188, 31.524921
06/27/16_14:11:29, 0.000000, 0.000000, 31.524921
06/27/16_14:11:31, 0.000000, 0.000188, 29.569889
06/27/16_14:11:32, 0.000000, 0.000000, 31.524921
06/27/16_14:11:34, 0.000000, 0.000000, 31.524921
06/27/16_14:11:35, 0.000000, 0.000000, 30.547405
06/27/16_14:11:37, 0.000000, 0.000188, 30.547405
06/27/16_14:11:38, 0.000000, 0.000188, 32.502437
06/27/16_14:11:40, 0.000000, 0.000000, 30.547405
06/27/16_14:11:41, 0.000000, 0.000000, 31.524921
06/27/16_14:11:43, 0.000188, 0.000000, 30.547405
06/27/16_14:11:44, 0.000000, 0.000188, 30.547405
06/27/16_14:11:46, 0.000000, 0.000000, 30.547405
06/27/16_14:11:47, 0.000188, 0.000000, 35.434986
06/27/16_14:11:49, 0.000000, 0.000000, 30.547405
06/27/16_14:11:51, 0.000000, 0.000188, 31.524921
06/27/16_14:11:52, 0.000000, 0.000188, 30.547405
06/27/16_14:11:54, 0.000000, 0.000188, 30.547405
06/27/16_14:11:55, 0.000000, 0.000000, 30.547405
06/27/16_14:11:57, 0.000188, 0.000000, 31.524921
06/27/16_14:11:58, 0.000000, 0.000000, 30.547405
06/27/16_14:12:00, 0.000188, 0.000000, 30.547405
06/27/16_14:12:01, 0.000000, 0.000000, 31.524921
06/27/16_14:12:03, 0.000000, 0.000000, 30.547405
06/27/16_14:12:05, 0.000188, 0.000000, 30.547405
06/27/16_14:12:06, 0.000000, 0.000000, 31.524921
06/27/16_14:12:08, 0.000188, 0.000188, 31.524921
06/27/16_14:12:09, 0.000000, 0.000000, 30.547405
06/27/16_14:12:11, 0.000000, 0.000188, 30.547405
06/27/16_14:12:12, 0.000000, 0.000000, 31.524921
06/27/16_14:12:14, 0.000188, 0.000188, 30.547405
06/27/16_14:12:15, 0.000000, 0.000188, 30.547405
06/27/16_14:12:17, 0.000000, 0.000000, 30.547405
06/27/16_14:12:19, 0.000000, 0.000000, 30.547405
06/27/16_14:12:20, 0.000000, 0.000000, 31.524921
06/27/16_14:12:22, 0.000000, 0.000000, 30.547405
06/27/16_14:12:23, 0.000188, 0.000188, 30.547405
06/27/16_14:12:25, 0.000000, 0.000188, 30.547405
06/27/16_14:12:26, 0.000000, 0.000188, 30.547405
06/27/16_14:12:28, 0.000000, 0.000000, 30.547405
06/27/16_14:12:29, 0.000000, 0.000188, 31.524921
06/27/16_14:12:31, 0.000000, 0.000000, 30.547405
06/27/16_14:12:33, 0.000000, 0.000000, 30.547405
06/27/16_14:12:34, 0.000000, 0.000188, 30.547405
06/27/16_14:12:36, 0.000000, 0.000188, 31.524921
06/27/16_14:12:37, 0.000000, 0.000188, 30.547405
06/27/16_14:12:39, 0.000000, 0.000000, 31.524921
06/27/16_14:12:40, 0.000000, 0.000188, 30.547405
06/27/16_14:12:42, 0.000000, 0.000000, 30.547405
06/27/16_14:12:43, 0.000188, 0.000000, 30.547405
06/27/16_14:12:45, 0.000000, 0.000000, 30.547405
06/27/16_14:12:47, 0.000000, 0.000000, 30.547405
06/27/16_14:12:48, 0.000000, 0.000000, 31.524921
06/27/16_14:12:49, 0.000188, 0.000000, 30.547405
06/27/16_14:12:51, 0.000000, 0.000188, 31.524921
06/27/16_14:12:53, 0.000000, 0.000000, 30.547405
06/27/16_14:12:54, 0.000000, 0.000000, 30.547405
06/27/16_14:12:56, 0.000000, 0.000188, 30.547405
06/27/16_14:12:57, 0.000188, 0.000000, 30.547405
06/27/16_14:12:59, 0.000000, 0.000188, 30.547405
06/27/16_14:13:00, 0.000000, 0.000000, 30.547405
06/27/16_14:13:02, 0.000000, 0.000188, 30.547405
06/27/16_14:13:03, 0.000000, 0.000000, 30.547405
06/27/16_14:13:05, 0.000000, 0.000000, 30.547405
06/27/16_14:13:06, 0.000000, 0.000188, 30.547405
06/27/16_14:13:08, 0.000000, 0.000000, 29.569889
06/27/16_14:13:09, 0.000000, 0.000188, 31.524921
06/27/16_14:13:11, 0.000000, 0.000000, 30.547405
06/27/16_14:13:12, 0.000000, 0.000000, 30.547405
06/27/16_14:13:14, 0.000000, 0.000000, 31.524921
06/27/16_14:13:15, 0.000000, 0.000188, 30.547405
06/27/16_14:13:17, 0.000000, 0.000000, 30.547405
06/27/16_14:13:18, 0.000000, 0.000188, 30.547405
06/27/16_14:13:20, 0.000000, 0.000188, 29.569889
06/27/16_14:13:22, 0.000000, 0.000188, 30.547405
06/27/16_14:13:23, 0.000000, 0.000000, 30.547405
06/27/16_14:13:25, 0.000188, 0.000000, 30.547405
06/27/16_14:13:26, 0.000000, 0.000188, 35.434986
06/27/16_14:13:28, 0.000000, 0.000188, 29.569889
06/27/16_14:13:29, 0.000000, 0.000000, 29.569889
06/27/16_14:13:31, 0.000000, 0.000000, 30.547405
06/27/16_14:13:33, 0.000000, 0.000188, 30.547405
06/27/16_14:13:34, 0.000000, 0.000000, 30.547405
06/27/16_14:13:36, 0.000000, 0.000000, 30.547405
06/27/16_14:13:37, 0.000000, 0.000000, 31.524921
06/27/16_14:13:39, 0.000000, 0.000000, 30.547405
06/27/16_14:13:40, 0.000000, 0.000000, 30.547405
06/27/16_14:13:42, 0.000000, 0.000000, 30.547405
06/27/16_14:13:43, 0.000000, 0.000188, 31.524921
06/27/16_14:13:45, 0.000000, 0.000000, 30.547405
06/27/16_14:13:47, 0.000000, 0.000000, 31.524921
06/27/16_14:13:48, 0.000000, 0.000188, 31.524921
06/27/16_14:13:50, 0.000000, 0.000000, 30.547405
06/27/16_14:13:51, 0.000000, 0.000188, 29.569889
06/27/16_14:13:53, 0.000000, 0.000000, 30.547405
06/27/16_14:13:54, 0.000188, 0.000188, 30.547405
06/27/16_14:13:56, 0.000000, 0.000000, 30.547405
06/27/16_14:13:58, 0.000000, 0.000000, 30.547405
06/27/16_14:13:59, 0.000000, 0.000000, 30.547405
06/27/16_14:14:01, 0.000188, 0.000000, 30.547405
06/27/16_14:14:02, 0.000000, 0.000000, 30.547405
06/27/16_14:14:04, 0.000000, 0.000000, 30.547405
06/27/16_14:14:06, 0.000188, 0.000000, 30.547405
06/27/16_14:14:07, 0.000000, 0.000000, 30.547405
06/27/16_14:14:09, 0.000000, 0.000188, 30.547405
06/27/16_14:14:10, 0.000000, 0.000000, 30.547405
06/27/16_14:14:12, 0.000000, 0.000000, 30.547405
06/27/16_14:14:13, 0.000000, 0.000000, 30.547405
06/27/16_14:14:15, 0.000188, 0.000000, 30.547405
06/27/16_14:14:17, 0.000000, 0.000188, 34.457469
06/27/16_14:14:18, 0.000000, 0.000000, 30.547405
06/27/16_14:14:20, 0.000000, 0.000188, 31.524921
06/27/16_14:14:21, 0.000000, 0.000000, 30.547405
06/27/16_14:14:23, 0.000000, 0.000000, 30.547405
06/27/16_14:14:24, 0.000000, 0.000188, 31.524921
06/27/16_14:14:26, 0.000000, 0.000000, 30.547405
06/27/16_14:14:27, 0.000000, 0.000000, 30.547405
06/27/16_14:14:29, 0.000000, 0.000000, 36.412502
06/27/16_14:14:31, 0.000000, 0.000188, 30.547405
06/27/16_14:14:32, 0.000000, 0.000000, 30.547405
06/27/16_14:14:34, 0.000000, 0.000188, 30.547405
06/27/16_14:14:35, 0.000000, 0.000000, 30.547405
06/27/16_14:14:37, 0.000000, 0.000000, 30.547405
06/27/16_14:14:38, 0.000000, 0.000188, 30.547405
06/27/16_14:14:40, 0.000000, 0.000188, 30.547405
06/27/16_14:14:42, 0.000188, 0.000188, 31.524921
06/27/16_14:14:43, 0.000000, 0.000188, 30.547405
06/27/16_14:14:45, 0.000000, 0.000188, 31.524921
06/27/16_14:14:46, 0.000000, 0.000000, 31.524921
06/27/16_14:14:48, 0.000000, 0.000000, 30.547405
06/27/16_14:14:49, 0.000000, 0.000000, 30.547405
06/27/16_14:14:51, 0.000000, 0.000000, 30.547405
06/27/16_14:14:52, 0.000000, 0.000000, 30.547405
06/27/16_14:14:54, 0.000000, 0.000188, 30.547405
06/27/16_14:14:55, 0.000000, 0.000188, 37.390018
06/27/16_14:14:57, 0.000000, 0.000188, 30.547405
06/27/16_14:14:59, 0.000188, 0.000000, 30.547405
06/27/16_14:15:00, 0.000000, 0.000188, 30.547405
06/27/16_14:15:01, 0.000000, 0.000000, 30.547405
06/27/16_14:15:03, 0.000000, 0.000188, 30.547405
06/27/16_14:15:05, 0.000000, 0.000188, 30.547405
06/27/16_14:15:06, 0.000000, 0.000000, 30.547405
06/27/16_14:15:08, 0.000000, 0.000000, 31.524921
06/27/16_14:15:09, 0.000000, 0.000000, 31.524921
06/27/16_14:15:11, 0.000188, 0.000000, 30.547405
06/27/16_14:15:12, 0.000000, 0.000188, 30.547405
06/27/16_14:15:14, 0.000000, 0.000000, 30.547405
06/27/16_14:15:16, 0.000000, 0.000000, 30.547405
06/27/16_14:15:17, 0.000188, 0.000188, 30.547405
06/27/16_14:15:19, 0.000000, 0.000188, 30.547405
06/27/16_14:15:20, 0.000000, 0.000000, 30.547405
06/27/16_14:15:21, 0.000000, 0.000188, 30.547405
06/27/16_14:15:23, 0.000188, 0.000000, 30.547405
06/27/16_14:15:25, 0.000000, 0.000000, 30.547405
06/27/16_14:15:26, 0.000000, 0.000000, 30.547405
06/27/16_14:15:28, 0.000000, 0.000000, 31.524921
06/27/16_14:15:29, 0.000000, 0.000188, 30.547405
06/27/16_14:15:31, 0.000000, 0.000188, 29.569889
06/27/16_14:15:32, 0.000000, 0.000188, 30.547405
06/27/16_14:15:34, 0.000188, 0.000000, 29.569889
06/27/16_14:15:36, 0.000000, 0.000000, 30.547405
06/27/16_14:15:37, 0.000188, 0.000000, 30.547405
06/27/16_14:15:39, 0.000000, 0.000000, 30.547405
06/27/16_14:15:40, 0.000000, 0.000000, 30.547405
06/27/16_14:15:42, 0.000000, 0.000000, 31.524921
06/27/16_14:15:43, 0.000000, 0.000000, 29.569889
06/27/16_14:15:45, 0.000000, 0.000188, 31.524921
06/27/16_14:15:47, 0.000000, 0.000000, 30.547405
06/27/16_14:15:48, 0.000000, 0.000000, 31.524921
06/27/16_14:15:50, 0.000188, 0.000000, 30.547405
06/27/16_14:15:51, 0.000188, 0.000000, 31.524921
06/27/16_14:15:53, 0.000000, 0.000000, 30.547405
06/27/16_14:15:54, 0.000000, 0.000188, 30.547405
06/27/16_14:15:56, 0.000000, 0.000000, 30.547405
06/27/16_14:15:57, 0.000000, 0.000000, 30.547405
06/27/16_14:15:59, 0.000000, 0.000000, 30.547405
06/27/16_14:16:00, 0.000188, 0.000000, 31.524921
06/27/16_14:16:02, 0.000188, 0.000000, 30.547405
06/27/16_14:16:03, 0.000000, 0.000000, 31.524921
06/27/16_14:16:05, 0.000000, 0.000000, 30.547405
06/27/16_14:16:06, 0.000000, 0.000000, 30.547405
06/27/16_14:16:08, 0.000188, 0.000000, 30.547405
06/27/16_14:16:10, 0.000000, 0.000188, 31.524921
06/27/16_14:16:11, 0.000000, 0.000000, 30.547405
06/27/16_14:16:13, 0.000000, 0.000000, 30.547405
06/27/16_14:16:14, 0.000000, 0.000000, 30.547405
06/27/16_14:16:16, 0.000000, 0.000000, 30.547405
06/27/16_14:16:17, 0.000000, 0.000188, 31.524921
06/27/16_14:16:19, 0.000188, 0.000188, 30.547405
06/27/16_14:16:20, 0.000000, 0.000000, 31.524921
06/27/16_14:16:22, 0.000000, 0.000000, 31.524921
06/27/16_14:16:24, 0.000000, 0.000000, 30.547405
06/27/16_14:16:25, 0.000000, 0.000000, 31.524921
06/27/16_14:16:27, 0.000000, 0.000188, 31.524921
06/27/16_14:16:28, 0.000000, 0.000188, 31.524921
06/27/16_14:16:30, 0.000000, 0.000000, 30.547405
06/27/16_14:16:31, 0.000000, 0.000188, 30.547405
06/27/16_14:16:33, 0.000000, 0.000188, 30.547405
06/27/16_14:16:34, 0.000000, 0.000000, 30.547405
06/27/16_14:16:36, 0.000000, 0.000188, 30.547405
06/27/16_14:16:37, 0.000000, 0.000000, 30.547405
06/27/16_14:16:39, 0.000000, 0.000188, 31.524921
06/27/16_14:16:40, 0.000188, 0.000000, 31.524921
06/27/16_14:16:42, 0.000000, 0.000000, 30.547405
06/27/16_14:16:43, 0.000000, 0.000000, 30.547405
06/27/16_14:16:45, 0.000000, 0.000000, 30.547405
06/27/16_14:16:47, 0.000000, 0.000188, 30.547405
06/27/16_14:16:48, 0.000000, 0.000000, 30.547405
06/27/16_14:16:50, 0.000000, 0.000188, 30.547405
06/27/16_14:16:51, 0.000000, 0.000000, 30.547405
06/27/16_14:16:53, 0.000000, 0.000000, 29.569889
06/27/16_14:16:54, 0.000000, 0.000000, 31.524921
06/27/16_14:16:56, 0.000000, 0.000188, 31.524921
06/27/16_14:16:57, 0.000000, 0.000188, 29.569889
06/27/16_14:16:59, 0.000000, 0.000000, 31.524921
06/27/16_14:17:00, 0.000000, 0.000188, 30.547405
06/27/16_14:17:02, 0.000188, 0.000000, 31.524921
06/27/16_14:17:03, 0.000188, 0.000000, 29.569889
06/27/16_14:17:05, 0.000000, 0.000000, 30.547405
06/27/16_14:17:07, 0.000000, 0.000000, 30.547405
06/27/16_14:17:08, 0.000000, 0.000188, 30.547405
06/27/16_14:17:10, 0.000188, 0.000188, 30.547405
06/27/16_14:17:11, 0.000000, 0.000000, 30.547405
06/27/16_14:17:13, 0.000000, 0.000000, 30.547405
06/27/16_14:17:14, 0.000188, 0.000188, 31.524921
06/27/16_14:17:16, 0.000000, 0.000000, 30.547405
06/27/16_14:17:17, 0.000000, 0.000000, 31.524921
06/27/16_14:17:19, 0.000000, 0.000188, 31.524921
06/27/16_14:17:20, 0.000000, 0.000000, 31.524921
06/27/16_14:17:22, 0.000000, 0.000188, 31.524921
06/27/16_14:17:23, 0.000000, 0.000000, 31.524921
06/27/16_14:17:25, 0.000000, 0.000000, 30.547405
06/27/16_14:17:26, 0.000000, 0.000188, 30.547405
06/27/16_14:17:28, 0.000000, 0.000188, 30.547405
06/27/16_14:17:29, 0.000188, 0.000000, 30.547405
06/27/16_14:17:31, 0.000000, 0.000000, 30.547405
06/27/16_14:17:32, 0.000000, 0.000000, 31.524921
06/27/16_14:17:34, 0.000000, 0.000188, 30.547405
06/27/16_14:17:35, 0.000188, 0.000188, 31.524921
06/27/16_14:17:37, 0.000000, 0.000000, 30.547405
06/27/16_14:17:39, 0.000000, 0.000188, 30.547405
06/27/16_14:17:40, 0.000188, 0.000000, 31.524921
06/27/16_14:17:42, 0.000000, 0.000188, 31.524921
06/27/16_14:17:43, 0.000000, 0.000188, 30.547405
06/27/16_14:17:45, 0.000000, 0.000188, 31.524921
06/27/16_14:17:46, 0.000000, 0.000000, 31.524921
06/27/16_14:17:48, 0.000188, 0.000188, 30.547405
06/27/16_14:17:49, 0.000000, 0.000188, 30.547405
06/27/16_14:17:51, 0.000000, 0.000188, 30.547405
06/27/16_14:17:52, 0.000000, 0.000188, 30.547405
06/27/16_14:17:54, 0.000000, 0.000000, 30.547405
06/27/16_14:17:55, 0.000000, 0.000000, 31.524921
06/27/16_14:17:57, 0.000000, 0.000000, 31.524921
06/27/16_14:17:59, 0.000000, 0.000188, 30.547405
06/27/16_14:18:00, 0.000000, 0.000000, 31.524921
06/27/16_14:18:02, 0.000000, 0.000000, 31.524921
06/27/16_14:18:03, 0.000000, 0.000000, 30.547405
06/27/16_14:18:05, 0.000188, 0.000188, 30.547405
06/27/16_14:18:06, 0.000188, 0.000000, 31.524921
06/27/16_14:18:08, 0.000000, 0.000188, 31.524921
06/27/16_14:18:10, 0.000000, 0.000188, 30.547405
06/27/16_14:18:11, 0.000000, 0.000188, 31.524921
06/27/16_14:18:12, 0.000000, 0.000188, 30.547405
06/27/16_14:18:14, 0.000000, 0.000000, 30.547405
06/27/16_14:18:16, 0.000000, 0.000000, 30.547405
06/27/16_14:18:17, 0.000000, 0.000000, 30.547405
06/27/16_14:18:19, 0.000000, 0.000188, 30.547405
06/27/16_14:18:20, 0.000000, 0.000188, 30.547405
06/27/16_14:18:22, 0.000000, 0.000000, 30.547405
06/27/16_14:18:23, 0.000000, 0.000188, 30.547405
06/27/16_14:18:25, 0.000000, 0.000188, 31.524921
06/27/16_14:18:26, 0.000000, 0.000000, 31.524921
06/27/16_14:18:28, 0.000000, 0.000188, 29.569889
06/27/16_14:18:29, 0.000000, 0.000188, 31.524921
06/27/16_14:18:31, 0.000188, 0.000000, 31.524921
06/27/16_14:18:33, 0.000000, 0.000188, 30.547405
06/27/16_14:18:34, 0.000000, 0.000188, 31.524921
06/27/16_14:18:36, 0.000000, 0.000000, 30.547405
06/27/16_14:18:37, 0.000000, 0.000188, 31.524921
06/27/16_14:18:39, 0.000000, 0.000000, 31.524921
06/27/16_14:18:40, 0.000000, 0.000000, 31.524921
06/27/16_14:18:42, 0.000000, 0.000188, 30.547405
06/27/16_14:18:44, 0.000188, 0.000000, 31.524921
06/27/16_14:18:45, 0.000000, 0.000188, 30.547405
06/27/16_14:18:47, 0.000000, 0.000188, 32.502437
06/27/16_14:18:49, 0.000000, 0.000000, 31.524921
06/27/16_14:18:50, 0.000000, 0.000000, 31.524921
06/27/16_14:18:52, 0.000000, 0.000000, 31.524921
06/27/16_14:18:53, 0.000000, 0.000188, 31.524921
06/27/16_14:18:55, 0.000000, 0.000000, 31.524921
06/27/16_14:18:56, 0.000000, 0.000188, 31.524921
06/27/16_14:18:58, 0.000000, 0.000188, 31.524921
06/27/16_14:18:59, 0.000000, 0.000188, 31.524921
06/27/16_14:19:01, 0.000000, 0.000000, 31.524921
06/27/16_14:19:02, 0.000188, 0.000000, 32.502437
06/27/16_14:19:04, 0.000000, 0.000188, 31.524921
06/27/16_14:19:06, 0.000188, 0.000188, 36.412502
06/27/16_14:19:07, 0.000188, 0.000000, 31.524921
06/27/16_14:19:09, 0.000000, 0.000188, 31.524921
06/27/16_14:19:11, 0.000000, 0.000000, 29.569889
06/27/16_14:19:12, 0.000000, 0.000188, 31.524921
06/27/16_14:19:14, 0.000000, 0.000000, 29.569889
06/27/16_14:19:15, 0.000000, 0.000000, 31.524921
06/27/16_14:19:17, 0.000000, 0.000188, 31.524921
06/27/16_14:19:18, 0.000000, 0.000000, 30.547405
06/27/16_14:19:20, 0.000000, 0.000000, 31.524921
06/27/16_14:19:22, 0.000188, 0.000000, 31.524921
06/27/16_14:19:23, 0.000000, 0.000188, 31.524921
06/27/16_14:19:25, 0.000000, 0.000000, 30.547405
06/27/16_14:19:26, 0.000000, 0.000000, 31.524921
06/27/16_14:19:28, 0.000000, 0.000000, 31.524921
06/27/16_14:19:30, 0.000000, 0.000000, 30.547405
06/27/16_14:19:31, 0.000000, 0.000188, 31.524921
06/27/16_14:19:33, 0.000000, 0.000000, 28.592372
06/27/16_14:19:34, 0.000188, 0.000188, 31.524921
06/27/16_14:19:36, 0.000000, 0.000188, 31.524921
06/27/16_14:19:37, 0.000188, 0.000188, 32.502437
06/27/16_14:19:39, 0.000000, 0.000000, 30.547405
06/27/16_14:19:40, 0.000000, 0.000000, 31.524921
06/27/16_14:19:42, 0.000000, 0.000000, 31.524921
06/27/16_14:19:44, 0.000000, 0.000000, 31.524921
06/27/16_14:19:45, 0.000000, 0.000000, 31.524921
06/27/16_14:19:47, 0.000000, 0.000000, 31.524921
06/27/16_14:19:48, 0.000188, 0.000188, 31.524921
06/27/16_14:19:50, 0.000000, 0.000188, 30.547405
06/27/16_14:19:51, 0.000000, 0.000000, 31.524921
06/27/16_14:19:53, 0.000000, 0.000000, 30.547405
06/27/16_14:19:55, 0.000000, 0.000000, 31.524921
06/27/16_14:19:56, 0.000000, 0.000188, 30.547405
06/27/16_14:19:58, 0.000000, 0.000000, 31.524921
06/27/16_14:19:59, 0.000188, 0.000000, 31.524921
06/27/16_14:20:01, 0.000000, 0.000000, 30.547405
06/27/16_14:20:02, 0.000000, 0.000000, 30.547405
06/27/16_14:20:04, 0.000000, 0.000000, 31.524921
06/27/16_14:20:05, 0.000000, 0.000000, 31.524921
06/27/16_14:20:07, 0.000000, 0.000000, 31.524921
06/27/16_14:20:08, 0.000000, 0.000000, 30.547405
06/27/16_14:20:10, 0.000000, 0.000000, 30.547405
06/27/16_14:20:12, 0.000000, 0.000000, 31.524921
06/27/16_14:20:13, 0.000000, 0.000000, 30.547405
06/27/16_14:20:15, 0.000000, 0.000000, 31.524921
06/27/16_14:20:16, 0.000000, 0.000000, 31.524921
06/27/16_14:20:18, 0.000000, 0.000188, 30.547405
06/27/16_14:20:19, 0.000000, 0.000000, 31.524921
06/27/16_14:20:21, 0.000000, 0.000000, 31.524921
06/27/16_14:20:22, 0.000000, 0.000188, 30.547405
06/27/16_14:20:24, 0.000000, 0.000000, 30.547405
06/27/16_14:20:25, 0.000188, 0.000000, 31.524921
06/27/16_14:20:27, 0.000000, 0.000000, 31.524921
06/27/16_14:20:29, 0.000000, 0.000188, 30.547405
06/27/16_14:20:30, 0.000000, 0.000188, 31.524921
06/27/16_14:20:32, 0.000000, 0.000188, 31.524921
06/27/16_14:20:33, 0.000000, 0.000188, 31.524921
06/27/16_14:20:35, 0.000188, 0.000000, 31.524921
06/27/16_14:20:36, 0.000000, 0.000188, 30.547405
06/27/16_14:20:38, 0.000188, 0.000188, 31.524921
06/27/16_14:20:39, 0.000000, 0.000188, 31.524921
06/27/16_14:20:41, 0.000000, 0.000000, 31.524921
06/27/16_14:20:43, 0.000000, 0.000188, 31.524921
06/27/16_14:20:44, 0.000000, 0.000188, 30.547405
06/27/16_14:20:46, 0.000188, 0.000000, 30.547405
06/27/16_14:20:47, 0.000188, 0.000000, 29.569889
06/27/16_14:20:49, 0.000000, 0.000000, 32.502437
06/27/16_14:20:50, 0.000188, 0.000000, 31.524921
06/27/16_14:20:52, 0.000000, 0.000000, 31.524921
06/27/16_14:20:54, 0.000000, 0.000188, 31.524921
06/27/16_14:20:55, 0.000000, 0.000000, 31.524921
06/27/16_14:20:57, 0.000000, 0.000188, 30.547405
06/27/16_14:20:59, 0.000188, 0.000188, 31.524921
06/27/16_14:21:01, 0.000000, 0.000188, 31.524921
06/27/16_14:21:02, 0.000000, 0.000188, 31.524921
06/27/16_14:21:04, 0.000000, 0.000188, 31.524921
06/27/16_14:21:05, 0.000000, 0.000188, 31.524921
06/27/16_14:21:07, 0.000000, 0.000000, 30.547405
06/27/16_14:21:08, 0.000000, 0.000000, 30.547405
06/27/16_14:21:09, 0.000188, 0.000188, 30.547405
06/27/16_14:21:11, 0.000188, 0.000000, 31.524921
06/27/16_14:21:12, 0.000188, 0.000188, 31.524921
06/27/16_14:21:14, 0.000000, 0.000000, 31.524921
06/27/16_14:21:16, 0.000188, 0.000188, 31.524921
06/27/16_14:21:17, 0.000000, 0.000188, 31.524921
06/27/16_14:21:19, 0.000000, 0.000188, 30.547405
06/27/16_14:21:20, 0.000000, 0.000188, 31.524921
06/27/16_14:21:22, 0.000000, 0.000000, 31.524921
06/27/16_14:21:23, 0.000000, 0.000000, 30.547405
06/27/16_14:21:25, 0.000000, 0.000188, 34.457469
06/27/16_14:21:27, 0.000000, 0.000000, 29.569889
06/27/16_14:21:28, 0.000188, 0.000000, 32.502437
06/27/16_14:21:30, 0.000000, 0.000000, 31.524921
06/27/16_14:21:31, 0.000000, 0.000188, 31.524921
06/27/16_14:21:33, 0.000000, 0.000188, 31.524921
06/27/16_14:21:34, 0.000000, 0.000000, 31.524921
06/27/16_14:21:36, 0.000188, 0.000000, 31.524921
06/27/16_14:21:37, 0.000188, 0.000000, 31.524921
06/27/16_14:21:39, 0.000188, 0.000188, 34.457469
06/27/16_14:21:41, 0.000188, 0.000000, 31.524921
06/27/16_14:21:42, 0.000000, 0.000000, 29.569889
06/27/16_14:21:44, 0.000188, 0.000000, 31.524921
06/27/16_14:21:45, 0.000000, 0.000000, 31.524921
06/27/16_14:21:47, 0.000000, 0.000188, 31.524921
06/27/16_14:21:48, 0.000000, 0.000000, 31.524921
06/27/16_14:21:50, 0.000000, 0.000000, 31.524921
06/27/16_14:21:51, 0.000000, 0.000000, 31.524921
06/27/16_14:21:53, 0.000188, 0.000188, 31.524921
06/27/16_14:21:55, 0.000188, 0.000000, 31.524921
06/27/16_14:21:56, 0.000000, 0.000188, 32.502437
06/27/16_14:21:58, 0.000188, 0.000000, 31.524921
06/27/16_14:21:59, 0.000000, 0.000000, 31.524921
06/27/16_14:22:01, 0.000000, 0.000000, 31.524921
06/27/16_14:22:02, 0.000000, 0.000188, 31.524921
06/27/16_14:22:04, 0.000000, 0.000000, 31.524921
06/27/16_14:22:05, 0.000000, 0.000000, 31.524921
06/27/16_14:22:07, 0.000000, 0.000000, 31.524921
06/27/16_14:22:08, 0.000000, 0.000000, 31.524921
06/27/16_14:22:10, 0.000000, 0.000000, 31.524921
06/27/16_14:22:12, 0.000000, 0.000000, 31.524921
06/27/16_14:22:13, 0.000000, 0.000000, 31.524921
06/27/16_14:22:15, 0.000000, 0.000188, 31.524921
06/27/16_14:22:16, 0.000000, 0.000000, 31.524921
06/27/16_14:22:17, 0.000000, 0.000000, 34.457469
06/27/16_14:22:19, 0.000000, 0.000000, 31.524921
06/27/16_14:22:21, 0.000000, 0.000000, 31.524921
06/27/16_14:22:22, 0.000000, 0.000000, 30.547405
06/27/16_14:22:24, 0.000000, 0.000000, 31.524921
06/27/16_14:22:25, 0.000000, 0.000000, 31.524921
06/27/16_14:22:27, 0.000000, 0.000000, 29.569889
06/27/16_14:22:28, 0.000188, 0.000000, 30.547405
06/27/16_14:22:30, 0.000000, 0.000000, 31.524921
06/27/16_14:22:31, 0.001500, 0.000375, 30.547405
06/27/16_14:22:33, 0.000188, 0.000000, 30.547405
06/27/16_14:22:34, 0.000188, 0.000000, 31.524921
06/27/16_14:22:36, 0.000188, 0.000000, 31.524921
06/27/16_14:22:37, 0.000000, 0.000000, 29.569889
06/27/16_14:22:39, 0.000000, 0.000188, 30.547405
06/27/16_14:22:40, 0.000000, 0.000000, 31.524921
06/27/16_14:22:42, 0.000000, 0.000000, 31.524921
06/27/16_14:22:43, 0.000188, 0.000188, 31.524921
06/27/16_14:22:45, 0.000000, 0.000000, 31.524921
06/27/16_14:22:47, 0.000000, 0.000000, 31.524921
06/27/16_14:22:48, 0.000188, 0.000000, 31.524921
06/27/16_14:22:50, 0.000000, 0.000188, 30.547405
06/27/16_14:22:51, 0.000000, 0.000000, 31.524921
06/27/16_14:22:53, 0.000188, 0.000188, 31.524921
06/27/16_14:22:54, 0.000000, 0.000188, 31.524921
06/27/16_14:22:56, 0.000188, 0.000188, 31.524921
06/27/16_14:22:57, 0.000000, 0.000000, 31.524921
06/27/16_14:22:59, 0.000188, 0.000188, 31.524921
06/27/16_14:23:00, 0.000000, 0.000188, 31.524921
06/27/16_14:23:02, 0.000000, 0.000000, 32.502437
06/27/16_14:23:03, 0.000000, 0.000000, 31.524921
06/27/16_14:23:05, 0.000000, 0.000000, 31.524921
06/27/16_14:23:06, 0.000000, 0.000000, 31.524921
06/27/16_14:23:08, 0.000000, 0.000000, 31.524921
06/27/16_14:23:09, 0.000188, 0.000000, 31.524921
06/27/16_14:23:11, 0.000188, 0.000000, 31.524921
06/27/16_14:23:12, 0.000000, 0.000000, 30.547405
06/27/16_14:23:14, 0.000188, 0.000000, 31.524921
06/27/16_14:23:15, 0.000000, 0.000000, 31.524921
06/27/16_14:23:17, 0.000000, 0.000188, 31.524921
06/27/16_14:23:18, 0.000188, 0.000188, 31.524921
06/27/16_14:23:20, 0.000188, 0.000000, 31.524921
06/27/16_14:23:22, 0.000000, 0.000000, 31.524921
06/27/16_14:23:23, 0.000000, 0.000000, 31.524921
06/27/16_14:23:25, 0.000000, 0.000000, 31.524921
06/27/16_14:23:26, 0.000000, 0.000188, 31.524921
06/27/16_14:23:28, 0.000188, 0.000000, 31.524921
06/27/16_14:23:29, 0.000000, 0.000188, 31.524921
06/27/16_14:23:31, 0.000000, 0.000000, 31.524921
06/27/16_14:23:32, 0.000000, 0.000000, 31.524921
06/27/16_14:23:34, 0.000000, 0.000188, 31.524921
06/27/16_14:23:35, 0.000000, 0.000188, 31.524921
06/27/16_14:23:37, 0.000000, 0.000188, 31.524921
06/27/16_14:23:38, 0.000188, 0.000000, 31.524921
06/27/16_14:23:40, 0.000188, 0.000000, 29.569889
06/27/16_14:23:41, 0.000188, 0.000188, 31.524921
06/27/16_14:23:43, 0.000000, 0.000000, 31.524921
06/27/16_14:23:44, 0.000000, 0.000000, 31.524921
06/27/16_14:23:46, 0.000000, 0.000188, 31.524921
06/27/16_14:23:47, 0.000000, 0.000188, 31.524921
06/27/16_14:23:49, 0.000000, 0.000000, 31.524921
06/27/16_14:23:50, 0.000188, 0.000000, 31.524921
06/27/16_14:23:52, 0.000000, 0.000188, 31.524921
06/27/16_14:23:54, 0.000000, 0.000188, 30.547405
06/27/16_14:23:55, 0.000188, 0.000000, 31.524921
06/27/16_14:23:57, 0.000000, 0.000188, 31.524921
06/27/16_14:23:58, 0.000000, 0.000000, 31.524921
06/27/16_14:24:00, 0.000000, 0.000000, 31.524921
06/27/16_14:24:01, 0.000000, 0.000000, 31.524921
06/27/16_14:24:03, 0.000000, 0.000188, 31.524921
06/27/16_14:24:04, 0.000188, 0.000188, 32.502437
06/27/16_14:24:06, 0.000188, 0.000000, 31.524921
06/27/16_14:24:07, 0.000000, 0.000000, 31.524921
06/27/16_14:24:09, 0.000000, 0.000000, 36.412502
06/27/16_14:24:10, 0.000000, 0.000000, 30.547405
06/27/16_14:24:12, 0.000000, 0.000000, 31.524921
06/27/16_14:24:13, 0.000000, 0.000000, 31.524921
06/27/16_14:24:15, 0.000000, 0.000188, 31.524921
06/27/16_14:24:16, 0.000000, 0.000000, 31.524921
06/27/16_14:24:18, 0.000000, 0.000188, 29.569889
06/27/16_14:24:19, 0.000000, 0.000188, 30.547405
06/27/16_14:24:21, 0.000000, 0.000188, 31.524921
06/27/16_14:24:22, 0.000000, 0.000000, 31.524921
06/27/16_14:24:24, 0.000000, 0.000188, 31.524921
06/27/16_14:24:25, 0.000000, 0.000188, 31.524921
06/27/16_14:24:27, 0.000000, 0.000188, 31.524921
06/27/16_14:24:28, 0.000000, 0.000000, 31.524921
06/27/16_14:24:30, 0.000188, 0.000000, 31.524921
06/27/16_14:24:31, 0.000000, 0.000000, 32.502437
06/27/16_14:24:33, 0.000000, 0.000000, 31.524921
06/27/16_14:24:34, 0.000000, 0.000000, 30.547405
06/27/16_14:24:36, 0.000188, 0.000000, 31.524921
06/27/16_14:24:37, 0.000000, 0.000000, 31.524921
06/27/16_14:24:39, 0.000188, 0.000000, 31.524921
06/27/16_14:24:40, 0.000000, 0.000000, 31.524921
06/27/16_14:24:42, 0.000000, 0.000188, 31.524921
06/27/16_14:24:43, 0.000000, 0.000188, 31.524921
06/27/16_14:24:45, 0.000000, 0.000000, 31.524921
06/27/16_14:24:47, 0.000188, 0.000000, 31.524921
06/27/16_14:24:48, 0.000000, 0.000188, 31.524921
06/27/16_14:24:50, 0.000000, 0.000188, 31.524921
06/27/16_14:24:51, 0.000000, 0.000000, 31.524921
06/27/16_14:24:53, 0.000000, 0.000000, 31.524921
06/27/16_14:24:54, 0.000000, 0.000000, 31.524921
06/27/16_14:24:56, 0.000000, 0.000188, 30.547405
06/27/16_14:24:57, 0.000188, 0.000000, 31.524921
06/27/16_14:24:59, 0.000000, 0.000188, 31.524921
06/27/16_14:25:00, 0.000188, 0.000188, 31.524921
06/27/16_14:25:02, 0.000000, 0.000188, 31.524921
06/27/16_14:25:03, 0.000000, 0.000000, 31.524921
06/27/16_14:25:05, 0.000000, 0.000000, 31.524921
06/27/16_14:25:06, 0.000000, 0.000000, 31.524921
06/27/16_14:25:08, 0.000000, 0.000000, 31.524921
06/27/16_14:25:09, 0.000000, 0.000000, 31.524921
06/27/16_14:25:11, 0.000188, 0.000000, 31.524921
06/27/16_14:25:12, 0.000000, 0.000000, 31.524921
06/27/16_14:25:14, 0.000000, 0.000000, 31.524921
06/27/16_14:25:15, 0.000000, 0.000000, 31.524921
06/27/16_14:25:17, 0.000000, 0.000000, 31.524921
06/27/16_14:25:18, 0.000000, 0.000188, 31.524921
06/27/16_14:25:20, 0.000000, 0.000000, 31.524921
06/27/16_14:25:21, 0.000000, 0.000000, 31.524921
06/27/16_14:25:23, 0.000000, 0.000188, 31.524921
06/27/16_14:25:24, 0.000000, 0.000000, 31.524921
06/27/16_14:25:26, 0.000188, 0.000000, 30.547405
06/27/16_14:25:27, 0.000000, 0.000000, 31.524921
06/27/16_14:25:29, 0.000000, 0.000000, 31.524921
06/27/16_14:25:30, 0.000000, 0.000188, 31.524921
06/27/16_14:25:32, 0.000000, 0.000000, 31.524921
06/27/16_14:25:33, 0.000000, 0.000000, 31.524921
06/27/16_14:25:35, 0.000000, 0.000000, 31.524921
06/27/16_14:25:36, 0.000000, 0.000000, 31.524921
06/27/16_14:25:38, 0.000000, 0.000000, 31.524921
06/27/16_14:25:39, 0.000000, 0.000000, 30.547405
06/27/16_14:25:41, 0.000000, 0.000000, 31.524921
06/27/16_14:25:42, 0.000000, 0.000000, 31.524921
06/27/16_14:25:44, 0.000000, 0.000188, 30.547405
06/27/16_14:25:46, 0.000000, 0.000000, 31.524921
06/27/16_14:25:47, 0.000000, 0.000188, 31.524921
06/27/16_14:25:48, 0.000000, 0.000000, 31.524921
06/27/16_14:25:50, 0.000000, 0.000000, 31.524921
06/27/16_14:25:51, 0.000000, 0.000188, 31.524921
06/27/16_14:25:53, 0.000188, 0.000188, 31.524921
06/27/16_14:25:54, 0.000000, 0.000000, 31.524921
06/27/16_14:25:56, 0.000000, 0.000000, 31.524921
06/27/16_14:25:57, 0.000000, 0.000000, 31.524921
06/27/16_14:25:59, 0.000000, 0.000000, 31.524921
06/27/16_14:26:01, 0.000000, 0.000000, 31.524921
06/27/16_14:26:02, 0.000188, 0.000188, 31.524921
06/27/16_14:26:04, 0.000000, 0.000000, 31.524921
06/27/16_14:26:05, 0.000000, 0.000000, 31.524921
06/27/16_14:26:07, 0.000000, 0.000000, 29.569889
06/27/16_14:26:08, 0.000000, 0.000000, 30.547405
06/27/16_14:26:10, 0.000188, 0.000000, 31.524921
06/27/16_14:26:11, 0.000000, 0.000000, 31.524921
06/27/16_14:26:13, 0.000000, 0.000188, 31.524921
06/27/16_14:26:15, 0.000000, 0.000188, 30.547405
06/27/16_14:26:16, 0.000188, 0.000188, 31.524921
06/27/16_14:26:18, 0.000000, 0.000000, 31.524921
06/27/16_14:26:19, 0.000000, 0.000188, 31.524921
06/27/16_14:26:21, 0.000000, 0.000000, 32.502437
06/27/16_14:26:22, 0.000000, 0.000188, 31.524921
06/27/16_14:26:24, 0.000000, 0.000000, 31.524921
06/27/16_14:26:25, 0.000000, 0.000188, 31.524921
06/27/16_14:26:27, 0.000188, 0.000000, 31.524921
06/27/16_14:26:28, 0.000188, 0.000000, 31.524921
06/27/16_14:26:30, 0.000000, 0.000188, 30.547405
06/27/16_14:26:31, 0.000000, 0.000000, 31.524921
06/27/16_14:26:33, 0.000000, 0.000000, 30.547405
06/27/16_14:26:34, 0.000000, 0.000000, 31.524921
06/27/16_14:26:36, 0.000000, 0.000000, 29.569889
06/27/16_14:26:38, 0.000000, 0.000000, 31.524921
06/27/16_14:26:39, 0.000000, 0.000000, 31.524921
06/27/16_14:26:41, 0.000000, 0.000188, 31.524921
06/27/16_14:26:42, 0.000000, 0.000188, 31.524921
06/27/16_14:26:44, 0.000000, 0.000000, 31.524921
06/27/16_14:26:45, 0.000000, 0.000000, 31.524921
06/27/16_14:26:46, 0.000000, 0.000188, 31.524921
06/27/16_14:26:48, 0.000188, 0.000188, 31.524921
06/27/16_14:26:50, 0.000000, 0.000000, 31.524921
06/27/16_14:26:51, 0.000000, 0.000188, 31.524921
06/27/16_14:26:53, 0.000000, 0.000000, 31.524921
06/27/16_14:26:54, 0.000188, 0.000188, 31.524921
06/27/16_14:26:56, 0.000000, 0.000188, 29.569889
06/27/16_14:26:57, 0.000188, 0.000188, 31.524921
06/27/16_14:26:59, 0.000000, 0.000188, 31.524921
06/27/16_14:27:00, 0.000000, 0.000000, 31.524921
06/27/16_14:27:02, 0.000000, 0.000188, 31.524921
06/27/16_14:27:03, 0.000000, 0.000000, 31.524921
06/27/16_14:27:05, 0.000188, 0.000000, 31.524921
06/27/16_14:27:06, 0.000000, 0.000188, 31.524921
06/27/16_14:27:08, 0.000000, 0.000188, 31.524921
06/27/16_14:27:09, 0.000000, 0.000000, 31.524921
06/27/16_14:27:11, 0.000188, 0.000000, 31.524921
06/27/16_14:27:12, 0.000000, 0.000188, 31.524921
06/27/16_14:27:14, 0.000000, 0.000188, 31.524921
06/27/16_14:27:15, 0.000000, 0.000000, 31.524921
06/27/16_14:27:17, 0.000188, 0.000000, 31.524921
06/27/16_14:27:19, 0.000000, 0.000188, 31.524921
06/27/16_14:27:20, 0.000188, 0.000188, 31.524921
06/27/16_14:27:22, 0.000000, 0.000188, 30.547405
06/27/16_14:27:23, 0.000000, 0.000000, 31.524921
06/27/16_14:27:25, 0.000000, 0.000188, 31.524921
06/27/16_14:27:26, 0.000000, 0.000000, 31.524921
06/27/16_14:27:28, 0.000188, 0.000188, 31.524921
06/27/16_14:27:29, 0.000188, 0.000000, 31.524921
06/27/16_14:27:31, 0.000000, 0.000188, 31.524921
06/27/16_14:27:33, 0.000000, 0.000000, 31.524921
06/27/16_14:27:34, 0.000000, 0.000188, 31.524921
06/27/16_14:27:36, 0.000000, 0.000000, 31.524921
06/27/16_14:27:37, 0.000000, 0.000188, 31.524921
06/27/16_14:27:39, 0.000188, 0.000188, 31.524921
06/27/16_14:27:40, 0.000188, 0.000188, 31.524921
06/27/16_14:27:42, 0.000000, 0.000000, 32.502437
06/27/16_14:27:43, 0.000000, 0.000188, 31.524921
06/27/16_14:27:45, 0.000000, 0.000188, 31.524921
06/27/16_14:27:46, 0.000000, 0.000188, 31.524921
06/27/16_14:27:48, 0.000000, 0.000000, 31.524921
06/27/16_14:27:49, 0.000000, 0.000188, 31.524921
06/27/16_14:27:51, 0.000188, 0.000188, 32.502437
06/27/16_14:27:52, 0.000000, 0.000000, 31.524921
06/27/16_14:27:54, 0.000000, 0.000188, 31.524921
06/27/16_14:27:55, 0.000000, 0.000000, 31.524921
06/27/16_14:27:57, 0.000000, 0.000188, 32.502437
06/27/16_14:27:59, 0.000000, 0.000000, 31.524921
06/27/16_14:28:00, 0.000188, 0.000000, 31.524921
06/27/16_14:28:01, 0.000000, 0.000000, 31.524921
06/27/16_14:28:03, 0.000000, 0.000000, 30.547405
06/27/16_14:28:05, 0.000000, 0.000000, 31.524921
06/27/16_14:28:06, 0.000188, 0.000000, 31.524921
06/27/16_14:28:08, 0.000000, 0.000000, 31.524921
06/27/16_14:28:09, 0.000000, 0.000000, 31.524921
06/27/16_14:28:11, 0.000000, 0.000000, 31.524921
06/27/16_14:28:12, 0.000000, 0.000000, 32.502437
06/27/16_14:28:14, 0.000000, 0.000000, 31.524921
06/27/16_14:28:15, 0.000188, 0.000188, 30.547405
06/27/16_14:28:17, 0.000000, 0.000000, 30.547405
06/27/16_14:28:18, 0.000000, 0.000188, 31.524921
06/27/16_14:28:20, 0.000188, 0.000000, 31.524921
06/27/16_14:28:21, 0.000000, 0.000000, 31.524921
06/27/16_14:28:23, 0.000000, 0.000000, 31.524921
06/27/16_14:28:24, 0.000000, 0.000000, 31.524921
06/27/16_14:28:26, 0.000188, 0.000000, 31.524921
06/27/16_14:28:27, 0.000000, 0.000000, 31.524921
06/27/16_14:28:29, 0.000000, 0.000000, 31.524921
06/27/16_14:28:30, 0.000000, 0.000000, 31.524921
06/27/16_14:28:32, 0.000000, 0.000000, 31.524921
06/27/16_14:28:33, 0.000000, 0.000000, 30.547405
06/27/16_14:28:35, 0.000000, 0.000188, 30.547405
06/27/16_14:28:36, 0.000000, 0.000000, 31.524921
06/27/16_14:28:38, 0.000188, 0.000000, 31.524921
06/27/16_14:28:39, 0.000188, 0.000000, 32.502437
06/27/16_14:28:41, 0.000188, 0.000000, 31.524921
06/27/16_14:28:42, 0.000000, 0.000000, 31.524921
06/27/16_14:28:44, 0.000000, 0.000188, 31.524921
06/27/16_14:28:45, 0.000000, 0.000000, 31.524921
06/27/16_14:28:47, 0.000000, 0.000000, 31.524921
06/27/16_14:28:49, 0.000000, 0.000000, 31.524921
06/27/16_14:28:50, 0.000000, 0.000000, 31.524921
06/27/16_14:28:52, 0.000000, 0.000000, 31.524921
06/27/16_14:28:53, 0.000000, 0.000000, 31.524921
06/27/16_14:28:55, 0.000000, 0.000000, 32.502437
06/27/16_14:28:57, 0.000000, 0.000000, 31.524921
06/27/16_14:28:58, 0.000000, 0.000000, 31.524921
06/27/16_14:28:59, 0.000000, 0.000000, 31.524921
06/27/16_14:29:01, 0.000188, 0.000000, 31.524921
06/27/16_14:29:02, 0.000000, 0.000000, 31.524921
06/27/16_14:29:04, 0.000000, 0.000000, 31.524921
06/27/16_14:29:05, 0.000000, 0.000188, 31.524921
06/27/16_14:29:07, 0.000000, 0.000188, 31.524921
06/27/16_14:29:08, 0.000000, 0.000000, 31.524921
06/27/16_14:29:10, 0.000000, 0.000000, 31.524921
06/27/16_14:29:12, 0.000000, 0.000000, 31.524921
06/27/16_14:29:13, 0.000000, 0.000188, 31.524921
06/27/16_14:29:15, 0.000000, 0.000000, 31.524921
06/27/16_14:29:16, 0.000188, 0.000188, 31.524921
06/27/16_14:29:18, 0.000000, 0.000188, 31.524921
06/27/16_14:29:19, 0.000000, 0.000000, 31.524921
06/27/16_14:29:21, 0.000188, 0.000188, 30.547405
06/27/16_14:29:22, 0.000000, 0.000188, 31.524921
06/27/16_14:29:24, 0.000000, 0.000000, 31.524921
06/27/16_14:29:25, 0.000000, 0.000000, 31.524921
06/27/16_14:29:27, 0.000188, 0.000000, 30.547405
06/27/16_14:29:28, 0.000000, 0.000188, 31.524921
06/27/16_14:29:30, 0.000000, 0.000000, 31.524921
06/27/16_14:29:31, 0.000000, 0.000000, 31.524921
06/27/16_14:29:33, 0.000000, 0.000188, 31.524921
06/27/16_14:29:34, 0.000000, 0.000000, 30.547405
06/27/16_14:29:36, 0.000000, 0.000000, 31.524921
06/27/16_14:29:37, 0.000000, 0.000188, 32.502437
06/27/16_14:29:39, 0.000000, 0.000000, 31.524921
06/27/16_14:29:40, 0.000000, 0.000188, 31.524921
06/27/16_14:29:42, 0.000000, 0.000000, 31.524921
06/27/16_14:29:43, 0.000188, 0.000188, 31.524921
06/27/16_14:29:45, 0.000000, 0.000000, 31.524921
06/27/16_14:29:46, 0.000000, 0.000000, 31.524921
06/27/16_14:29:48, 0.000188, 0.000188, 32.502437
06/27/16_14:29:49, 0.000000, 0.000188, 31.524921
06/27/16_14:29:51, 0.000000, 0.000188, 31.524921
06/27/16_14:29:52, 0.000000, 0.000000, 31.524921
06/27/16_14:29:54, 0.000188, 0.000000, 31.524921
06/27/16_14:29:55, 0.000000, 0.000188, 31.524921
06/27/16_14:29:57, 0.000000, 0.000000, 31.524921
06/27/16_14:29:59, 0.000000, 0.000188, 31.524921
06/27/16_14:30:00, 0.000000, 0.000000, 31.524921
06/27/16_14:30:02, 0.000000, 0.000188, 32.502437
06/27/16_14:30:03, 0.000188, 0.000000, 31.524921
06/27/16_14:30:05, 0.000000, 0.000188, 31.524921
06/27/16_14:30:06, 0.000000, 0.000188, 32.502437
06/27/16_14:30:08, 0.000000, 0.000000, 31.524921
06/27/16_14:30:10, 0.000000, 0.000188, 31.524921
06/27/16_14:30:11, 0.000000, 0.000000, 32.502437
06/27/16_14:30:13, 0.000000, 0.000000, 31.524921
06/27/16_14:30:14, 0.000000, 0.000000, 31.524921
06/27/16_14:30:16, 0.000000, 0.000000, 31.524921
06/27/16_14:30:17, 0.000000, 0.000000, 32.502437
06/27/16_14:30:19, 0.000188, 0.000000, 31.524921
06/27/16_14:30:20, 0.000188, 0.000188, 30.547405
06/27/16_14:30:22, 0.000188, 0.000000, 31.524921
06/27/16_14:30:23, 0.000188, 0.000188, 31.524921
06/27/16_14:30:25, 0.000188, 0.000188, 31.524921
06/27/16_14:30:26, 0.000000, 0.000000, 30.547405
06/27/16_14:30:28, 0.000000, 0.000000, 31.524921
06/27/16_14:30:29, 0.000000, 0.000000, 30.547405
06/27/16_14:30:31, 0.000000, 0.000000, 31.524921
06/27/16_14:30:32, 0.000000, 0.000188, 30.547405
06/27/16_14:30:34, 0.000000, 0.000000, 30.547405
06/27/16_14:30:35, 0.000000, 0.000188, 30.547405
06/27/16_14:30:37, 0.000000, 0.000000, 29.569889
06/27/16_14:30:38, 0.000188, 0.000000, 30.547405
06/27/16_14:30:40, 0.000188, 0.000188, 30.547405
06/27/16_14:30:41, 0.000000, 0.000000, 29.569889
06/27/16_14:30:43, 0.000000, 0.000000, 28.592372
06/27/16_14:30:44, 0.000000, 0.000000, 30.547405
06/27/16_14:30:46, 0.000000, 0.000188, 30.547405
06/27/16_14:30:47, 0.000000, 0.000000, 30.547405
06/27/16_14:30:49, 0.000000, 0.000188, 29.569889
06/27/16_14:30:51, 0.000000, 0.000188, 29.569889
06/27/16_14:30:52, 0.000000, 0.000188, 28.592372
06/27/16_14:30:54, 0.000000, 0.000000, 30.547405
06/27/16_14:30:55, 0.000000, 0.000188, 29.569889
06/27/16_14:30:57, 0.000188, 0.000188, 29.569889
06/27/16_14:30:58, 0.000000, 0.000188, 30.547405
06/27/16_14:31:00, 0.000188, 0.000000, 30.547405
06/27/16_14:31:01, 0.000000, 0.000188, 29.569889
06/27/16_14:31:03, 0.000188, 0.000188, 30.547405
06/27/16_14:31:04, 0.000188, 0.000188, 29.569889
06/27/16_14:31:06, 0.000000, 0.000000, 30.547405
06/27/16_14:31:07, 0.000000, 0.000188, 29.569889
06/27/16_14:31:09, 0.000000, 0.000000, 30.547405
06/27/16_14:31:10, 0.000000, 0.000000, 30.547405
06/27/16_14:31:12, 0.000000, 0.000000, 29.569889
06/27/16_14:31:13, 0.000000, 0.000000, 29.569889
06/27/16_14:31:15, 0.000188, 0.000000, 30.547405
06/27/16_14:31:17, 0.000000, 0.000000, 29.569889
06/27/16_14:31:18, 0.000000, 0.000000, 29.569889
06/27/16_14:31:19, 0.000000, 0.000000, 30.547405
06/27/16_14:31:21, 0.000188, 0.000000, 29.569889
06/27/16_14:31:23, 0.000000, 0.000000, 30.547405
06/27/16_14:31:24, 0.000000, 0.000000, 30.547405
06/27/16_14:31:26, 0.000000, 0.000000, 29.569889
06/27/16_14:31:27, 0.000000, 0.000188, 30.547405
06/27/16_14:31:29, 0.000000, 0.000188, 29.569889
06/27/16_14:31:30, 0.000000, 0.000000, 30.547405
06/27/16_14:31:32, 0.000000, 0.000000, 30.547405
06/27/16_14:31:33, 0.000000, 0.000000, 29.569889
06/27/16_14:31:35, 0.000000, 0.000000, 30.547405
06/27/16_14:31:36, 0.000000, 0.000000, 30.547405
06/27/16_14:31:38, 0.000000, 0.000000, 30.547405
06/27/16_14:31:39, 0.000000, 0.000188, 30.547405
06/27/16_14:31:41, 0.000000, 0.000000, 30.547405
06/27/16_14:31:42, 0.000000, 0.000000, 30.547405
06/27/16_14:31:44, 0.000000, 0.000000, 31.524921
06/27/16_14:31:46, 0.000000, 0.000000, 30.547405
06/27/16_14:31:47, 0.000000, 0.000188, 30.547405
06/27/16_14:31:48, 0.000000, 0.000000, 30.547405
06/27/16_14:31:50, 0.000000, 0.000000, 29.569889
06/27/16_14:31:51, 0.000000, 0.000000, 30.547405
06/27/16_14:31:53, 0.000000, 0.000000, 30.547405
06/27/16_14:31:54, 0.000000, 0.000000, 30.547405
06/27/16_14:31:56, 0.000000, 0.000000, 30.547405
06/27/16_14:31:58, 0.000000, 0.000188, 30.547405
06/27/16_14:31:59, 0.000000, 0.000000, 29.569889
06/27/16_14:32:01, 0.000000, 0.000000, 30.547405
06/27/16_14:32:02, 0.000188, 0.000188, 30.547405
06/27/16_14:32:04, 0.000000, 0.000000, 30.547405
06/27/16_14:32:05, 0.000000, 0.000188, 30.547405
06/27/16_14:32:07, 0.000000, 0.000000, 31.524921
06/27/16_14:32:08, 0.000000, 0.000000, 30.547405
06/27/16_14:32:10, 0.000000, 0.000188, 30.547405
06/27/16_14:32:11, 0.000000, 0.000188, 29.569889
06/27/16_14:32:13, 0.000000, 0.000000, 30.547405
06/27/16_14:32:14, 0.000188, 0.000000, 30.547405
06/27/16_14:32:16, 0.000000, 0.000188, 30.547405
06/27/16_14:32:17, 0.000000, 0.000188, 30.547405
06/27/16_14:32:19, 0.000000, 0.000188, 30.547405
06/27/16_14:32:20, 0.000000, 0.000000, 30.547405
06/27/16_14:32:22, 0.000000, 0.000000, 30.547405
06/27/16_14:32:23, 0.000000, 0.000000, 30.547405
06/27/16_14:32:25, 0.000000, 0.000000, 30.547405
06/27/16_14:32:26, 0.000000, 0.000000, 30.547405
06/27/16_14:32:28, 0.000000, 0.000188, 29.569889
06/27/16_14:32:29, 0.000000, 0.000000, 30.547405
06/27/16_14:32:31, 0.000000, 0.000000, 29.569889
06/27/16_14:32:33, 0.000000, 0.000000, 30.547405
06/27/16_14:32:34, 0.000000, 0.000000, 30.547405
06/27/16_14:32:36, 0.000000, 0.000000, 29.569889
06/27/16_14:32:37, 0.000000, 0.000000, 29.569889
06/27/16_14:32:38, 0.000000, 0.000000, 28.592372
06/27/16_14:32:40, 0.000000, 0.000000, 30.547405
06/27/16_14:32:42, 0.000000, 0.000000, 30.547405
06/27/16_14:32:43, 0.000000, 0.000000, 30.547405
06/27/16_14:32:45, 0.000000, 0.000000, 29.569889
06/27/16_14:32:46, 0.000000, 0.000000, 30.547405
06/27/16_14:32:48, 0.000000, 0.000000, 29.569889
06/27/16_14:32:49, 0.000000, 0.000000, 30.547405
06/27/16_14:32:51, 0.000000, 0.000000, 29.569889
06/27/16_14:32:52, 0.000000, 0.000000, 29.569889
06/27/16_14:32:54, 0.000000, 0.000000, 29.569889
06/27/16_14:32:55, 0.000000, 0.000000, 30.547405
06/27/16_14:32:57, 0.000000, 0.000000, 31.524921
06/27/16_14:32:58, 0.000000, 0.000000, 30.547405
06/27/16_14:33:00, 0.000000, 0.000000, 30.547405
06/27/16_14:33:01, 0.000000, 0.000000, 29.569889
06/27/16_14:33:03, 0.000188, 0.000000, 29.569889
06/27/16_14:33:04, 0.000000, 0.000000, 30.547405
06/27/16_14:33:06, 0.000000, 0.000000, 29.569889
06/27/16_14:33:07, 0.000000, 0.000000, 29.569889
06/27/16_14:33:09, 0.000000, 0.000000, 29.569889
06/27/16_14:33:10, 0.000000, 0.000000, 30.547405
06/27/16_14:33:12, 0.000000, 0.000000, 30.547405
06/27/16_14:33:14, 0.000000, 0.000000, 30.547405
06/27/16_14:33:15, 0.000188, 0.000000, 30.547405
06/27/16_14:33:16, 0.000188, 0.000188, 29.569889
06/27/16_14:33:18, 0.000000, 0.000000, 30.547405
06/27/16_14:33:19, 0.000000, 0.000000, 29.569889
06/27/16_14:33:21, 0.000000, 0.000188, 29.569889
06/27/16_14:33:22, 0.000000, 0.000000, 31.524921
06/27/16_14:33:24, 0.000000, 0.000000, 30.547405
06/27/16_14:33:25, 0.000000, 0.000188, 30.547405
06/27/16_14:33:27, 0.000000, 0.000188, 30.547405
06/27/16_14:33:29, 0.000188, 0.000000, 30.547405
06/27/16_14:33:30, 0.000188, 0.000188, 30.547405
06/27/16_14:33:32, 0.000000, 0.000188, 30.547405
06/27/16_14:33:33, 0.000000, 0.000188, 29.569889
06/27/16_14:33:35, 0.000000, 0.000188, 30.547405
06/27/16_14:33:36, 0.000000, 0.000188, 30.547405
06/27/16_14:33:38, 0.000000, 0.000188, 30.547405
06/27/16_14:33:39, 0.000000, 0.000000, 30.547405
06/27/16_14:33:41, 0.000000, 0.000188, 31.524921
06/27/16_14:33:42, 0.000000, 0.000000, 31.524921
06/27/16_14:33:44, 0.000000, 0.000188, 30.547405
06/27/16_14:33:46, 0.000000, 0.000188, 30.547405
06/27/16_14:33:47, 0.000188, 0.000000, 30.547405
06/27/16_14:33:49, 0.000000, 0.000000, 31.524921
06/27/16_14:33:50, 0.000188, 0.000000, 30.547405
06/27/16_14:33:52, 0.000000, 0.000000, 31.524921
06/27/16_14:33:53, 0.000000, 0.000000, 31.524921
06/27/16_14:33:54, 0.000000, 0.000000, 31.524921
06/27/16_14:33:56, 0.000000, 0.000000, 31.524921
06/27/16_14:33:58, 0.000000, 0.000000, 31.524921
06/27/16_14:33:59, 0.000000, 0.000000, 30.547405
06/27/16_14:34:01, 0.000000, 0.000000, 30.547405
06/27/16_14:34:02, 0.000000, 0.000000, 30.547405
06/27/16_14:34:04, 0.000000, 0.000000, 31.524921
06/27/16_14:34:05, 0.000000, 0.000188, 31.524921
06/27/16_14:34:07, 0.000000, 0.000000, 31.524921
06/27/16_14:34:08, 0.000188, 0.000188, 30.547405
06/27/16_14:34:10, 0.000000, 0.000000, 28.592372
06/27/16_14:34:11, 0.000000, 0.000000, 29.569889
06/27/16_14:34:13, 0.000000, 0.000000, 29.569889
06/27/16_14:34:14, 0.000000, 0.000000, 30.547405
06/27/16_14:34:16, 0.000000, 0.000000, 30.547405
06/27/16_14:34:17, 0.000000, 0.000000, 29.569889
06/27/16_14:34:19, 0.000000, 0.000000, 29.569889
06/27/16_14:34:20, 0.000000, 0.000188, 29.569889
06/27/16_14:34:22, 0.000000, 0.000000, 28.592372
06/27/16_14:34:24, 0.000000, 0.000000, 28.592372
06/27/16_14:34:25, 0.000000, 0.000000, 29.569889
06/27/16_14:34:27, 0.000000, 0.000000, 29.569889
06/27/16_14:34:28, 0.000000, 0.000000, 30.547405
06/27/16_14:34:30, 0.000000, 0.000000, 29.569889
06/27/16_14:34:31, 0.000000, 0.000000, 30.547405
06/27/16_14:34:33, 0.000000, 0.000000, 30.547405
06/27/16_14:34:34, 0.000000, 0.000000, 30.547405
06/27/16_14:34:36, 0.000000, 0.000000, 28.592372
06/27/16_14:34:37, 0.000000, 0.000000, 30.547405
06/27/16_14:34:39, 0.000000, 0.000000, 30.547405
06/27/16_14:34:40, 0.000000, 0.000000, 30.547405
06/27/16_14:34:42, 0.000000, 0.000000, 30.547405
06/27/16_14:34:44, 0.000000, 0.000000, 30.547405
06/27/16_14:34:45, 0.000000, 0.000000, 31.524921
06/27/16_14:34:46, 0.000000, 0.000000, 30.547405
06/27/16_14:34:48, 0.000000, 0.000000, 30.547405
06/27/16_14:34:50, 0.000000, 0.000000, 30.547405
06/27/16_14:34:51, 0.000000, 0.000000, 30.547405
06/27/16_14:34:53, 0.000000, 0.000000, 29.569889
06/27/16_14:34:54, 0.000000, 0.000000, 30.547405
06/27/16_14:34:56, 0.000000, 0.000000, 30.547405
06/27/16_14:34:57, 0.000000, 0.000000, 30.547405
06/27/16_14:34:59, 0.000000, 0.000000, 30.547405
06/27/16_14:35:00, 0.000000, 0.000000, 31.524921
06/27/16_14:35:02, 0.000188, 0.000000, 30.547405
06/27/16_14:35:03, 0.000000, 0.000000, 30.547405
06/27/16_14:35:05, 0.000000, 0.000000, 30.547405
06/27/16_14:35:06, 0.000000, 0.000000, 30.547405
06/27/16_14:35:08, 0.000000, 0.000188, 30.547405
06/27/16_14:35:09, 0.000000, 0.000000, 30.547405
06/27/16_14:35:11, 0.000000, 0.000000, 31.524921
06/27/16_14:35:13, 0.000000, 0.000000, 30.547405
06/27/16_14:35:14, 0.000000, 0.000000, 30.547405
06/27/16_14:35:16, 0.000000, 0.000000, 30.547405
06/27/16_14:35:17, 0.000188, 0.000000, 31.524921
06/27/16_14:35:18, 0.000000, 0.000000, 30.547405
06/27/16_14:35:20, 0.000188, 0.000000, 30.547405
06/27/16_14:35:21, 0.000188, 0.000000, 29.569889
06/27/16_14:35:23, 0.000000, 0.000188, 29.569889
06/27/16_14:35:24, 0.000188, 0.000000, 30.547405
06/27/16_14:35:26, 0.000000, 0.000000, 30.547405
06/27/16_14:35:27, 0.000000, 0.000000, 30.547405
06/27/16_14:35:29, 0.000000, 0.000000, 30.547405
06/27/16_14:35:30, 0.000000, 0.000000, 30.547405
06/27/16_14:35:32, 0.000000, 0.000000, 30.547405
06/27/16_14:35:34, 0.000000, 0.000000, 30.547405
06/27/16_14:35:35, 0.000000, 0.000000, 30.547405
06/27/16_14:35:36, 0.000188, 0.000000, 30.547405
06/27/16_14:35:38, 0.000000, 0.000000, 30.547405
06/27/16_14:35:40, 0.000188, 0.000000, 30.547405
06/27/16_14:35:41, 0.000000, 0.000188, 29.569889
06/27/16_14:35:42, 0.000000, 0.000188, 30.547405
06/27/16_14:35:44, 0.000188, 0.000188, 30.547405
06/27/16_14:35:46, 0.000188, 0.000375, 30.547405
06/27/16_14:35:47, 0.000188, 0.000375, 31.524921
06/27/16_14:35:49, 0.000188, 0.000188, 31.524921
06/27/16_14:35:50, 0.000188, 0.000188, 31.524921
06/27/16_14:35:52, 0.000188, 0.000188, 30.547405
06/27/16_14:35:53, 0.000188, 0.000188, 30.547405
06/27/16_14:35:55, 0.000000, 0.000188, 30.547405
06/27/16_14:35:56, 0.000000, 0.000000, 30.547405
06/27/16_14:35:57, 0.000000, 0.000000, 30.547405
06/27/16_14:35:59, 0.000000, 0.000000, 31.524921
06/27/16_14:36:00, 0.000000, 0.000188, 30.547405
06/27/16_14:36:02, 0.000000, 0.000000, 31.524921
06/27/16_14:36:03, 0.000000, 0.000000, 30.547405
06/27/16_14:36:05, 0.000000, 0.000000, 31.524921
06/27/16_14:36:07, 0.000000, 0.000000, 30.547405
06/27/16_14:36:08, 0.000000, 0.000000, 31.524921
06/27/16_14:36:10, 0.000000, 0.000000, 31.524921
06/27/16_14:36:11, 0.000000, 0.000000, 31.524921
06/27/16_14:36:13, 0.000000, 0.000000, 31.524921
06/27/16_14:36:15, 0.000000, 0.000000, 30.547405
06/27/16_14:36:16, 0.000000, 0.000188, 30.547405
06/27/16_14:36:18, 0.000000, 0.000000, 31.524921
06/27/16_14:36:19, 0.000000, 0.000000, 30.547405
06/27/16_14:36:21, 0.000000, 0.000000, 30.547405
06/27/16_14:36:22, 0.000000, 0.000000, 30.547405
06/27/16_14:36:24, 0.000000, 0.000000, 31.524921
06/27/16_14:36:25, 0.000000, 0.000188, 31.524921
06/27/16_14:36:26, 0.000000, 0.000000, 31.524921
06/27/16_14:36:28, 0.000000, 0.000000, 31.524921
06/27/16_14:36:29, 0.000000, 0.000188, 31.524921
06/27/16_14:36:31, 0.000000, 0.000000, 32.502437
06/27/16_14:36:32, 0.000000, 0.000000, 31.524921
06/27/16_14:36:34, 0.000000, 0.000000, 32.502437
06/27/16_14:36:35, 0.000188, 0.000000, 32.502437
06/27/16_14:36:37, 0.000000, 0.000188, 31.524921
06/27/16_14:36:38, 0.000188, 0.000000, 31.524921
06/27/16_14:36:40, 0.000000, 0.000188, 31.524921
06/27/16_14:36:41, 0.000000, 0.000188, 31.524921
06/27/16_14:36:43, 0.000188, 0.000188, 31.524921
06/27/16_14:36:45, 0.000188, 0.000188, 30.547405
06/27/16_14:36:46, 0.000000, 0.000188, 30.547405
06/27/16_14:36:48, 0.000000, 0.000188, 31.524921
06/27/16_14:36:49, 0.000188, 0.000188, 29.569889
06/27/16_14:36:51, 0.000188, 0.000188, 31.524921
06/27/16_14:36:52, 0.000000, 0.000188, 30.547405
06/27/16_14:36:54, 0.000188, 0.000188, 30.547405
06/27/16_14:36:55, 0.000000, 0.000188, 31.524921
06/27/16_14:36:57, 0.000000, 0.000000, 31.524921
06/27/16_14:36:58, 0.000000, 0.000000, 32.502437
06/27/16_14:37:00, 0.000000, 0.000000, 31.524921
06/27/16_14:37:01, 0.000000, 0.000000, 32.502437
06/27/16_14:37:03, 0.000000, 0.000000, 31.524921
06/27/16_14:37:04, 0.000000, 0.000000, 31.524921
06/27/16_14:37:06, 0.000000, 0.000000, 31.524921
06/27/16_14:37:07, 0.000000, 0.000000, 32.502437
06/27/16_14:37:09, 0.000000, 0.000000, 32.502437
06/27/16_14:37:10, 0.000000, 0.000000, 32.502437
06/27/16_14:37:12, 0.000000, 0.000188, 32.502437
06/27/16_14:37:14, 0.000000, 0.000000, 32.502437
06/27/16_14:37:15, 0.000000, 0.000000, 33.479953
06/27/16_14:37:17, 0.000188, 0.000000, 32.502437
06/27/16_14:37:18, 0.000000, 0.000000, 32.502437
06/27/16_14:37:20, 0.000000, 0.000188, 30.547405
06/27/16_14:37:21, 0.000188, 0.000188, 32.502437
06/27/16_14:37:23, 0.000188, 0.000188, 32.502437
06/27/16_14:37:24, 0.000188, 0.000188, 31.524921
06/27/16_14:37:26, 0.000188, 0.000375, 30.547405
06/27/16_14:37:27, 0.000188, 0.000375, 30.547405
06/27/16_14:37:29, 0.000188, 0.000375, 30.547405
06/27/16_14:37:30, 0.000375, 0.000375, 31.524921
06/27/16_14:37:32, 0.000188, 0.000375, 30.547405
06/27/16_14:37:34, 0.000188, 0.000375, 29.569889
06/27/16_14:37:35, 0.000188, 0.000375, 30.547405
06/27/16_14:37:37, 0.000188, 0.000375, 30.547405
06/27/16_14:37:38, 0.000188, 0.000375, 30.547405
06/27/16_14:37:40, 0.000375, 0.000375, 30.547405
06/27/16_14:37:41, 0.000562, 0.000375, 30.547405
06/27/16_14:37:43, 0.000375, 0.000375, 31.524921
06/27/16_14:37:45, 0.000188, 0.000375, 31.524921
06/27/16_14:37:46, 0.000188, 0.000188, 30.547405
06/27/16_14:37:48, 0.000188, 0.000375, 29.569889
06/27/16_14:37:49, 0.000188, 0.000375, 29.569889
06/27/16_14:37:51, 0.000000, 0.000188, 29.569889
06/27/16_14:37:52, 0.000000, 0.000375, 29.569889
06/27/16_14:37:54, 0.000188, 0.000375, 29.569889
06/27/16_14:37:55, 0.000000, 0.000375, 29.569889
06/27/16_14:37:57, 0.000188, 0.000375, 29.569889
06/27/16_14:37:58, 0.000188, 0.000375, 29.569889
06/27/16_14:38:00, 0.000188, 0.000562, 29.569889
06/27/16_14:38:01, 0.000188, 0.000375, 29.569889
06/27/16_14:38:03, 0.000188, 0.000375, 30.547405
06/27/16_14:38:04, 0.000188, 0.000375, 29.569889
06/27/16_14:38:06, 0.000188, 0.000375, 30.547405
06/27/16_14:38:07, 0.000188, 0.000562, 30.547405
06/27/16_14:38:09, 0.000188, 0.000375, 30.547405
06/27/16_14:38:10, 0.000188, 0.000375, 30.547405
06/27/16_14:38:12, 0.000188, 0.000375, 31.524921
06/27/16_14:38:13, 0.000188, 0.000375, 32.502437
06/27/16_14:38:15, 0.000188, 0.000375, 31.524921
06/27/16_14:38:16, 0.000188, 0.000375, 31.524921
06/27/16_14:38:18, 0.000188, 0.000375, 30.547405
06/27/16_14:38:19, 0.000188, 0.000375, 38.367557
06/27/16_14:38:21, 0.000188, 0.000375, 32.502437
06/27/16_14:38:22, 0.000188, 0.000375, 31.524921
06/27/16_14:38:24, 0.000188, 0.000375, 31.524921
06/27/16_14:38:25, 0.000188, 0.000375, 30.547405
06/27/16_14:38:27, 0.000188, 0.000375, 31.524921
06/27/16_14:38:28, 0.000188, 0.000375, 31.524921
06/27/16_14:38:30, 0.000188, 0.000375, 31.524921
06/27/16_14:38:31, 0.000000, 0.000188, 31.524921
06/27/16_14:38:33, 0.000188, 0.000188, 30.547405
06/27/16_14:38:34, 0.000188, 0.000188, 32.502437
06/27/16_14:38:36, 0.000188, 0.000188, 30.547405
06/27/16_14:38:37, 0.000188, 0.000188, 32.502437
06/27/16_14:38:38, 0.000188, 0.000188, 32.502437
06/27/16_14:38:40, 0.000188, 0.000188, 32.502437
06/27/16_14:38:41, 0.000000, 0.000188, 32.502437
06/27/16_14:38:43, 0.000188, 0.000188, 33.479953
06/27/16_14:38:44, 0.000188, 0.000188, 32.502437
06/27/16_14:38:46, 0.000000, 0.000188, 31.524921
06/27/16_14:38:47, 0.000000, 0.000188, 32.502437
06/27/16_14:38:49, 0.000188, 0.000188, 32.502437
06/27/16_14:38:50, 0.000188, 0.000000, 31.524921
06/27/16_14:38:52, 0.000188, 0.000188, 32.502437
06/27/16_14:38:54, 0.000188, 0.000188, 32.502437
06/27/16_14:38:55, 0.000188, 0.000188, 32.502437
06/27/16_14:38:57, 0.000188, 0.000375, 30.547405
06/27/16_14:38:58, 0.000188, 0.000375, 32.502437
06/27/16_14:38:59, 0.000188, 0.000188, 31.524921
06/27/16_14:39:01, 0.000188, 0.000188, 32.502437
06/27/16_14:39:02, 0.000188, 0.000188, 31.524921
06/27/16_14:39:04, 0.000188, 0.000375, 31.524921
06/27/16_14:39:05, 0.000188, 0.000375, 32.502437
06/27/16_14:39:07, 0.000188, 0.000375, 31.524921
06/27/16_14:39:09, 0.000188, 0.000375, 31.524921
06/27/16_14:39:10, 0.000188, 0.000375, 31.524921
06/27/16_14:39:11, 0.000188, 0.000188, 31.524921
06/27/16_14:39:13, 0.000000, 0.000188, 32.502437
06/27/16_14:39:14, 0.000188, 0.000188, 32.502437
06/27/16_14:39:16, 0.000188, 0.000188, 32.502437
06/27/16_14:39:18, 0.000188, 0.000188, 33.479953
06/27/16_14:39:19, 0.000188, 0.000188, 33.479953
06/27/16_14:39:21, 0.000188, 0.000375, 33.479953
06/27/16_14:39:22, 0.000000, 0.000188, 35.434986
06/27/16_14:39:24, 0.000188, 0.000188, 34.457469
06/27/16_14:39:25, 0.000188, 0.000000, 33.479953
06/27/16_14:39:27, 0.000000, 0.000188, 32.502437
06/27/16_14:39:29, 0.000000, 0.000375, 31.524921
06/27/16_14:39:30, 0.000000, 0.000375, 31.524921
06/27/16_14:39:32, 0.000188, 0.000375, 31.524921
06/27/16_14:39:33, 0.000188, 0.000188, 30.547405
06/27/16_14:39:35, 0.000000, 0.000188, 30.547405
06/27/16_14:39:36, 0.000188, 0.000375, 30.547405
06/27/16_14:39:38, 0.000000, 0.000375, 31.524921
06/27/16_14:39:39, 0.000000, 0.000375, 31.524921
06/27/16_14:39:41, 0.000000, 0.000375, 32.502437
06/27/16_14:39:42, 0.000000, 0.000375, 32.502437
06/27/16_14:39:44, 0.000188, 0.000188, 33.479953
06/27/16_14:39:45, 0.000000, 0.000000, 33.479953
06/27/16_14:39:47, 0.000000, 0.000000, 33.479953
06/27/16_14:39:49, 0.000188, 0.000000, 33.479953
06/27/16_14:39:50, 0.000188, 0.000188, 33.479953
06/27/16_14:39:51, 0.000000, 0.000000, 34.457469
06/27/16_14:39:53, 0.000000, 0.000000, 33.479953
06/27/16_14:39:54, 0.000188, 0.000188, 32.502437
06/27/16_14:39:56, 0.000188, 0.000000, 34.457469
06/27/16_14:39:57, 0.000000, 0.000188, 33.479953
06/27/16_14:39:59, 0.000000, 0.000188, 33.479953
06/27/16_14:40:00, 0.000188, 0.000375, 34.457469
06/27/16_14:40:02, 0.000000, 0.000375, 34.457469
06/27/16_14:40:03, 0.000188, 0.000375, 34.457469
06/27/16_14:40:05, 0.000000, 0.000188, 34.457469
06/27/16_14:40:06, 0.000000, 0.000188, 33.479953
06/27/16_14:40:08, 0.000000, 0.000188, 34.457469
06/27/16_14:40:09, 0.000000, 0.000188, 34.457469
06/27/16_14:40:11, 0.000000, 0.000188, 33.479953
06/27/16_14:40:12, 0.000188, 0.000188, 33.479953
06/27/16_14:40:14, 0.000000, 0.000375, 33.479953
06/27/16_14:40:15, 0.000188, 0.000375, 34.457469
06/27/16_14:40:17, 0.000188, 0.000188, 40.322589
06/27/16_14:40:19, 0.000188, 0.000188, 45.210170
06/27/16_14:40:20, 0.000188, 0.000188, 50.097751
06/27/16_14:40:22, 0.000188, 0.000188, 52.052783
06/27/16_14:40:23, 0.000375, 0.000188, 52.052783
06/27/16_14:40:25, 0.000375, 0.000188, 51.075267
06/27/16_14:40:26, 0.000750, 0.000562, 58.895397
06/27/16_14:40:28, 0.000750, 0.000562, 64.760520
06/27/16_14:40:29, 0.000750, 0.000375, 65.738037
06/27/16_14:40:31, 0.000375, 0.000375, 61.827945
06/27/16_14:40:32, 0.000188, 0.000375, 54.007816
06/27/16_14:40:34, 0.000375, 0.000375, 54.985332
06/27/16_14:40:35, 0.000562, 0.000375, 62.805461
06/27/16_14:40:36, 0.000750, 0.000562, 66.715553
06/27/16_14:40:38, 0.001125, 0.000750, 71.603134
06/27/16_14:40:40, 0.000750, 0.000375, 64.760520
06/27/16_14:40:41, 0.000562, 0.000562, 58.895397
06/27/16_14:40:43, 0.000562, 0.000375, 62.805461
06/27/16_14:40:44, 0.000375, 0.000375, 57.917881
06/27/16_14:40:46, 0.000375, 0.000562, 61.827945
06/27/16_14:40:47, 0.000750, 0.000750, 68.670585
06/27/16_14:40:49, 0.001125, 0.000937, 81.378295
06/27/16_14:40:50, 0.001500, 0.001312, 88.220932
06/27/16_14:40:52, 0.002062, 0.001500, 101.906158
06/27/16_14:40:53, 0.002625, 0.001687, 111.681320
06/27/16_14:40:55, 0.002437, 0.001687, 107.771255
06/27/16_14:40:56, 0.002062, 0.001125, 98.973609
06/27/16_14:40:58, 0.002062, 0.001312, 89.198448
06/27/16_14:40:59, 0.001312, 0.000937, 70.625617
06/27/16_14:41:01, 0.001500, 0.001500, 57.917881
06/27/16_14:41:02, 0.001875, 0.002062, 60.850429
06/27/16_14:41:04, 0.001687, 0.001312, 59.872913
06/27/16_14:41:05, 0.002437, 0.001125, 61.827945
06/27/16_14:41:07, 0.002062, 0.001500, 57.917881
06/27/16_14:41:08, 0.002062, 0.001125, 60.850429
06/27/16_14:41:10, 0.001875, 0.000937, 55.962848
06/27/16_14:41:12, 0.001500, 0.000937, 56.940364
06/27/16_14:41:13, 0.001312, 0.000750, 55.962848
06/27/16_14:41:15, 0.001312, 0.000937, 57.917881
06/27/16_14:41:16, 0.001312, 0.000750, 54.985332
06/27/16_14:41:18, 0.001125, 0.000750, 54.007816
06/27/16_14:41:19, 0.001125, 0.000750, 54.985332
06/27/16_14:41:21, 0.001500, 0.001125, 57.917881
06/27/16_14:41:22, 0.001500, 0.001500, 57.917881
06/27/16_14:41:24, 0.001875, 0.000937, 59.872913
06/27/16_14:41:25, 0.002250, 0.001125, 68.670585
06/27/16_14:41:27, 0.002062, 0.000937, 72.580650
06/27/16_14:41:28, 0.001875, 0.000937, 70.625617
06/27/16_14:41:30, 0.002062, 0.001125, 69.648101
06/27/16_14:41:31, 0.001875, 0.000937, 72.580650
06/27/16_14:41:33, 0.001312, 0.000750, 70.625617
06/27/16_14:41:34, 0.001687, 0.000750, 80.400779
06/27/16_14:41:36, 0.002062, 0.000562, 75.513198
06/27/16_14:41:37, 0.001687, 0.000562, 68.670585
06/27/16_14:41:39, 0.001687, 0.000750, 68.670585
06/27/16_14:41:40, 0.001500, 0.000750, 68.670585
06/27/16_14:41:42, 0.002062, 0.001125, 81.378295
06/27/16_14:41:43, 0.002062, 0.001687, 86.265876
06/27/16_14:41:45, 0.002250, 0.002062, 112.658836
06/27/16_14:41:46, 0.002625, 0.002062, 131.231674
06/27/16_14:41:48, 0.002813, 0.002062, 140.029342
06/27/16_14:41:49, 0.002813, 0.001500, 137.096771
06/27/16_14:41:51, 0.002062, 0.001312, 119.501472
06/27/16_14:41:53, 0.001500, 0.001125, 90.175964
06/27/16_14:41:54, 0.001687, 0.000750, 63.783004
06/27/16_14:41:55, 0.001312, 0.000562, 61.827945
06/27/16_14:41:57, 0.001312, 0.000562, 62.805461
06/27/16_14:41:58, 0.001312, 0.000562, 66.715553
06/27/16_14:42:00, 0.001312, 0.000750, 64.760520
06/27/16_14:42:02, 0.001687, 0.000750, 62.805461
06/27/16_14:42:03, 0.001500, 0.000750, 69.648101
06/27/16_14:42:04, 0.001687, 0.001125, 64.760520
06/27/16_14:42:06, 0.001875, 0.000937, 66.715553
06/27/16_14:42:07, 0.001687, 0.000750, 66.715553
06/27/16_14:42:09, 0.001500, 0.000562, 64.760520
06/27/16_14:42:10, 0.001312, 0.000562, 66.715553
06/27/16_14:42:12, 0.001125, 0.000375, 63.783004
06/27/16_14:42:13, 0.000937, 0.000375, 59.872913
06/27/16_14:42:15, 0.000750, 0.000375, 61.827945
06/27/16_14:42:16, 0.000750, 0.000188, 59.872913
06/27/16_14:42:18, 0.000562, 0.000188, 58.895397
06/27/16_14:42:20, 0.000562, 0.000188, 56.940364
06/27/16_14:42:21, 0.000562, 0.000188, 59.872913
06/27/16_14:42:23, 0.000750, 0.000188, 60.850429
06/27/16_14:42:24, 0.000937, 0.000562, 62.805461
06/27/16_14:42:26, 0.000750, 0.000375, 59.872913
06/27/16_14:42:27, 0.000562, 0.000188, 56.940364
06/27/16_14:42:29, 0.000562, 0.000188, 54.007816
06/27/16_14:42:30, 0.000562, 0.000188, 56.940364
06/27/16_14:42:31, 0.000750, 0.000375, 62.805461
06/27/16_14:42:33, 0.000750, 0.000375, 61.827945
06/27/16_14:42:35, 0.000750, 0.000562, 63.783004
06/27/16_14:42:36, 0.000937, 0.000562, 64.760520
06/27/16_14:42:38, 0.000750, 0.000000, 65.738037
06/27/16_14:42:39, 0.000750, 0.000375, 65.738037
06/27/16_14:42:41, 0.000750, 0.000375, 64.760520
06/27/16_14:42:42, 0.000750, 0.000375, 66.715553
06/27/16_14:42:44, 0.000750, 0.000188, 65.738037
06/27/16_14:42:45, 0.000562, 0.000375, 65.738037
06/27/16_14:42:47, 0.000562, 0.000375, 65.738037
06/27/16_14:42:48, 0.000562, 0.000000, 63.783004
06/27/16_14:42:50, 0.000562, 0.000188, 59.872913
06/27/16_14:42:51, 0.000375, 0.000375, 60.850429
06/27/16_14:42:53, 0.000562, 0.000375, 64.760520
06/27/16_14:42:54, 0.000562, 0.000375, 64.760520
06/27/16_14:42:56, 0.000562, 0.000562, 64.760520
06/27/16_14:42:57, 0.000562, 0.000375, 65.738037
06/27/16_14:42:59, 0.000750, 0.000375, 71.603134
06/27/16_14:43:00, 0.000375, 0.000000, 60.850429
06/27/16_14:43:02, 0.000188, -0.000375, 54.007816
06/27/16_14:43:03, 0.000188, 0.000000, 51.075267
06/27/16_14:43:05, 0.000000, -0.000188, 52.052783
06/27/16_14:43:06, 0.000188, -0.000188, 52.052783
06/27/16_14:43:08, 0.000188, 0.000000, 53.030300
06/27/16_14:43:09, 0.000000, -0.000188, 52.052783
06/27/16_14:43:11, 0.000188, 0.000000, 54.007816
06/27/16_14:43:12, 0.000188, 0.000000, 54.007816
06/27/16_14:43:14, 0.000375, 0.000000, 55.962848
06/27/16_14:43:15, 0.000375, 0.000000, 54.985332
06/27/16_14:43:17, 0.000188, 0.000188, 54.007816
06/27/16_14:43:18, 0.000375, 0.000375, 54.007816
06/27/16_14:43:20, 0.000188, 0.000000, 52.052783
06/27/16_14:43:21, 0.000000, 0.000188, 49.120235
06/27/16_14:43:23, -0.000562, -0.000188, 41.300106
06/27/16_14:43:24, -0.000750, -0.000188, 38.367557
06/27/16_14:43:26, -0.000562, 0.000000, 37.390018
06/27/16_14:43:28, -0.000562, 0.000188, 41.300106
06/27/16_14:43:29, -0.000188, 0.000375, 45.210170
06/27/16_14:43:31, -0.000188, 0.000375, 50.097751
06/27/16_14:43:32, -0.000937, 0.000375, 45.210170
06/27/16_14:43:34, -0.000188, 0.000562, 44.232654
06/27/16_14:43:35, -0.000562, 0.000188, 46.187686
06/27/16_14:43:37, -0.000375, 0.000000, 45.210170
06/27/16_14:43:38, -0.000562, 0.000000, 44.232654
06/27/16_14:43:40, -0.000375, 0.000000, 43.255138
06/27/16_14:43:42, -0.000562, 0.000000, 42.277622
06/27/16_14:43:43, -0.000562, 0.000000, 42.277622
06/27/16_14:43:45, -0.000562, 0.000000, 42.277622
06/27/16_14:43:46, -0.000562, 0.000000, 40.322589
06/27/16_14:43:48, -0.000750, 0.000000, 41.300106
06/27/16_14:43:49, -0.000562, 0.000000, 46.187686
06/27/16_14:43:51, -0.000188, 0.000188, 54.007816
06/27/16_14:43:52, -0.000188, 0.000000, 57.917881
06/27/16_14:43:54, 0.000000, 0.000188, 55.962848
06/27/16_14:43:55, 0.000000, 0.000188, 55.962848
06/27/16_14:43:57, -0.000188, 0.000000, 51.075267
06/27/16_14:43:58, -0.000188, 0.000000, 50.097751
06/27/16_14:44:00, 0.000000, 0.000000, 50.097751
06/27/16_14:44:01, 0.000000, 0.000188, 52.052783
06/27/16_14:44:03, 0.000000, 0.000000, 52.052783
06/27/16_14:44:04, -0.000188, 0.000000, 50.097751
06/27/16_14:44:06, -0.000188, 0.000000, 47.165203
06/27/16_14:44:07, -0.000188, 0.000000, 49.120235
06/27/16_14:44:09, -0.000375, 0.000000, 49.120235
06/27/16_14:44:10, -0.000375, 0.000000, 47.165203
06/27/16_14:44:12, -0.000375, 0.000000, 45.210170
06/27/16_14:44:13, -0.000375, 0.000000, 43.255138
06/27/16_14:44:14, -0.000188, 0.000000, 45.210170
06/27/16_14:44:16, -0.000188, 0.000000, 47.165203
06/27/16_14:44:18, -0.000188, 0.000000, 44.232654
06/27/16_14:44:19, -0.000375, 0.000000, 43.255138
06/27/16_14:44:21, -0.000562, 0.000000, 42.277622
06/27/16_14:44:22, -0.000562, 0.000000, 42.277622
06/27/16_14:44:24, -0.000375, 0.000000, 40.322589
06/27/16_14:44:25, -0.000562, 0.000000, 39.345073
06/27/16_14:44:27, -0.000375, 0.000000, 39.345073
06/27/16_14:44:29, -0.000375, 0.000000, 38.367557
06/27/16_14:44:30, -0.000375, 0.000000, 38.367557
06/27/16_14:44:32, -0.000375, 0.000000, 38.367557
06/27/16_14:44:33, -0.000375, 0.000000, 38.367557
06/27/16_14:44:35, -0.000375, 0.000000, 39.345073
06/27/16_14:44:36, -0.000562, 0.000000, 38.367557
06/27/16_14:44:38, -0.000750, 0.000000, 37.390018
06/27/16_14:44:39, -0.000375, 0.000000, 38.367557
06/27/16_14:44:41, -0.000562, 0.000000, 39.345073
06/27/16_14:44:42, -0.000375, 0.000000, 38.367557
06/27/16_14:44:44, -0.000375, 0.000000, 38.367557
06/27/16_14:44:45, -0.000375, 0.000000, 38.367557
06/27/16_14:44:47, -0.000375, 0.000000, 38.367557
06/27/16_14:44:48, -0.000375, 0.000000, 37.390018
06/27/16_14:44:50, -0.000188, 0.000000, 37.390018
06/27/16_14:44:51, -0.000188, 0.000000, 37.390018
06/27/16_14:44:53, -0.000188, 0.000000, 38.367557
06/27/16_14:44:54, -0.000188, 0.000000, 38.367557
06/27/16_14:44:56, -0.000188, 0.000000, 38.367557
06/27/16_14:44:57, -0.000188, 0.000000, 38.367557
06/27/16_14:44:59, -0.000188, 0.000000, 38.367557
06/27/16_14:45:01, 0.000000, 0.000000, 43.255138
06/27/16_14:45:02, 0.000000, 0.000000, 42.277622
06/27/16_14:45:03, -0.000188, 0.000000, 41.300106
06/27/16_14:45:05, 0.000000, 0.000000, 40.322589
06/27/16_14:45:06, -0.000188, 0.000000, 38.367557
06/27/16_14:45:08, -0.000188, 0.000000, 38.367557
06/27/16_14:45:10, 0.000000, 0.000000, 38.367557
06/27/16_14:45:11, 0.000000, 0.000000, 39.345073
06/27/16_14:45:13, 0.000000, 0.000000, 39.345073
06/27/16_14:45:14, -0.000188, 0.000000, 39.345073
06/27/16_14:45:15, -0.000188, 0.000000, 40.322589
06/27/16_14:45:17, 0.000000, 0.000188, 42.277622
06/27/16_14:45:18, 0.000000, 0.000000, 42.277622
06/27/16_14:45:20, 0.000000, 0.000000, 40.322589
06/27/16_14:45:22, -0.000188, 0.000000, 40.322589
06/27/16_14:45:23, -0.000188, 0.000000, 39.345073
06/27/16_14:45:25, -0.000188, 0.000000, 39.345073
06/27/16_14:45:26, 0.000000, 0.000000, 39.345073
06/27/16_14:45:28, 0.000000, 0.000188, 44.232654
06/27/16_14:45:29, 0.000000, 0.000000, 47.165203
06/27/16_14:45:31, 0.000000, 0.000188, 47.165203
06/27/16_14:45:32, 0.000000, 0.000188, 48.142719
06/27/16_14:45:34, 0.000000, 0.000188, 47.165203
06/27/16_14:45:35, 0.000000, 0.000188, 44.232654
06/27/16_14:45:37, 0.000188, 0.000188, 44.232654
06/27/16_14:45:38, 0.000188, 0.000188, 45.210170
06/27/16_14:45:40, 0.000188, 0.000188, 45.210170
06/27/16_14:45:41, 0.000188, 0.000375, 46.187686
06/27/16_14:45:43, 0.000188, 0.000188, 48.142719
06/27/16_14:45:44, 0.000000, 0.000188, 46.187686
06/27/16_14:45:46, 0.000000, 0.000188, 45.210170
06/27/16_14:45:47, 0.000188, 0.000188, 44.232654
06/27/16_14:45:49, 0.000000, 0.000188, 44.232654
06/27/16_14:45:50, 0.000000, 0.000188, 43.255138
06/27/16_14:45:52, 0.000000, 0.000188, 45.210170
06/27/16_14:45:53, 0.000000, 0.000000, 46.187686
06/27/16_14:45:55, 0.000000, 0.000000, 46.187686
06/27/16_14:45:56, 0.000000, 0.000188, 45.210170
06/27/16_14:45:58, 0.000000, 0.000188, 46.187686
06/27/16_14:45:59, 0.000000, 0.000000, 46.187686
06/27/16_14:46:01, 0.000000, 0.000000, 43.255138
06/27/16_14:46:02, 0.000000, 0.000188, 43.255138
06/27/16_14:46:04, 0.000000, 0.000000, 45.210170
06/27/16_14:46:05, 0.000000, 0.000000, 44.232654
06/27/16_14:46:07, 0.000000, 0.000188, 43.255138
06/27/16_14:46:08, 0.000000, 0.000000, 39.345073
06/27/16_14:46:10, 0.000000, 0.000000, 40.322589
06/27/16_14:46:11, 0.000000, 0.000000, 42.277622
06/27/16_14:46:13, 0.000000, 0.000000, 41.300106
06/27/16_14:46:15, 0.000000, 0.000000, 41.300106
06/27/16_14:46:16, 0.000000, 0.000000, 40.322589
06/27/16_14:46:18, 0.000188, 0.000000, 38.367557
06/27/16_14:46:19, 0.000000, 0.000188, 33.479953
06/27/16_14:46:21, 0.000188, 0.000375, 32.502437
06/27/16_14:46:22, 0.000000, 0.000188, 31.524921
06/27/16_14:46:24, 0.000000, 0.000188, 32.502437
06/27/16_14:46:25, 0.000000, 0.000188, 32.502437
06/27/16_14:46:27, 0.000000, 0.000375, 32.502437
06/27/16_14:46:28, 0.000000, 0.000375, 32.502437
06/27/16_14:46:30, 0.000000, 0.000188, 32.502437
06/27/16_14:46:31, 0.000000, 0.000188, 31.524921
06/27/16_14:46:33, 0.000000, 0.000188, 31.524921
06/27/16_14:46:34, 0.000000, 0.000188, 32.502437
06/27/16_14:46:36, 0.000000, 0.000188, 31.524921
06/27/16_14:46:37, 0.000000, 0.000000, 29.569889
06/27/16_14:46:39, 0.000000, 0.000000, 29.569889
06/27/16_14:46:41, 0.000000, 0.000000, 30.547405
06/27/16_14:46:42, 0.000000, 0.000000, 29.569889
06/27/16_14:46:44, 0.000000, 0.000000, 31.524921
06/27/16_14:46:45, 0.000000, 0.000000, 30.547405
06/27/16_14:46:47, 0.000000, 0.000000, 30.547405
06/27/16_14:46:48, 0.000000, 0.000000, 31.524921
06/27/16_14:46:50, 0.000000, 0.000000, 30.547405
06/27/16_14:46:51, 0.000000, 0.000000, 30.547405
06/27/16_14:46:53, -0.000188, 0.000000, 29.569889
06/27/16_14:46:54, 0.000000, 0.000000, 30.547405
06/27/16_14:46:56, 0.000000, 0.000000, 30.547405
06/27/16_14:46:57, 0.000000, 0.000000, 30.547405
06/27/16_14:46:59, 0.000000, 0.000000, 30.547405
06/27/16_14:47:00, 0.000000, 0.000000, 30.547405
06/27/16_14:47:02, 0.000000, 0.000000, 30.547405
06/27/16_14:47:03, 0.000000, 0.000000, 30.547405
06/27/16_14:47:05, 0.000000, 0.000000, 30.547405
06/27/16_14:47:06, 0.000000, 0.000000, 30.547405
06/27/16_14:47:08, 0.000000, 0.000000, 30.547405
06/27/16_14:47:09, 0.000000, 0.000000, 31.524921
06/27/16_14:47:11, 0.000000, 0.000000, 31.524921
06/27/16_14:47:12, 0.000000, 0.000000, 31.524921
06/27/16_14:47:14, 0.000000, 0.000000, 31.524921
06/27/16_14:47:15, 0.000000, 0.000000, 30.547405
06/27/16_14:47:17, 0.000000, 0.000000, 29.569889
06/27/16_14:47:18, 0.000000, 0.000000, 29.569889
06/27/16_14:47:20, 0.000000, 0.000000, 29.569889
06/27/16_14:47:21, 0.000000, 0.000000, 30.547405
06/27/16_14:47:23, 0.000000, 0.000000, 30.547405
06/27/16_14:47:25, 0.000000, 0.000000, 30.547405
06/27/16_14:47:26, 0.000000, 0.000000, 30.547405
06/27/16_14:47:27, 0.000000, 0.000000, 29.569889
06/27/16_14:47:29, 0.000000, 0.000000, 29.569889
06/27/16_14:47:30, 0.000000, 0.000000, 29.569889
06/27/16_14:47:32, 0.000000, 0.000000, 30.547405
06/27/16_14:47:33, 0.000000, 0.000000, 30.547405
06/27/16_14:47:35, 0.000000, 0.000000, 46.187686
06/27/16_14:47:36, 0.000000, 0.000000, 30.547405
06/27/16_14:47:38, 0.000000, 0.000000, 30.547405
06/27/16_14:47:39, 0.000000, 0.000000, 30.547405
06/27/16_14:47:41, 0.000000, 0.000000, 30.547405
06/27/16_14:47:42, 0.000000, 0.000000, 29.569889
06/27/16_14:47:44, 0.000000, 0.000000, 29.569889
06/27/16_14:47:45, 0.000000, 0.000000, 29.569889
06/27/16_14:47:47, 0.000000, 0.000000, 30.547405
06/27/16_14:47:48, 0.000000, 0.000000, 28.592372
06/27/16_14:47:50, 0.000000, 0.000000, 30.547405
06/27/16_14:47:51, 0.000000, 0.000000, 29.569889
06/27/16_14:47:53, 0.000000, 0.000000, 29.569889
06/27/16_14:47:54, 0.000000, 0.000000, 30.547405
06/27/16_14:47:56, 0.000000, 0.000000, 29.569889
06/27/16_14:47:57, 0.000000, 0.000000, 29.569889
06/27/16_14:47:59, 0.000000, 0.000000, 29.569889
06/27/16_14:48:00, 0.000000, 0.000000, 30.547405
06/27/16_14:48:02, 0.000000, 0.000000, 30.547405
06/27/16_14:48:04, 0.000000, 0.000000, 30.547405
06/27/16_14:48:05, 0.000000, 0.000000, 30.547405
06/27/16_14:48:07, 0.000000, 0.000000, 30.547405
06/27/16_14:48:08, 0.000000, 0.000000, 30.547405
06/27/16_14:48:09, 0.000000, 0.000000, 30.547405
06/27/16_14:48:11, 0.000000, 0.000000, 29.569889
06/27/16_14:48:13, 0.000000, 0.000000, 29.569889
06/27/16_14:48:14, 0.000000, 0.000000, 29.569889
06/27/16_14:48:16, 0.000000, 0.000000, 29.569889
06/27/16_14:48:17, 0.000000, 0.000000, 29.569889
06/27/16_14:48:19, 0.000000, 0.000000, 28.592372
06/27/16_14:48:21, 0.000000, 0.000000, 28.592372
06/27/16_14:48:22, 0.000000, 0.000000, 28.592372
06/27/16_14:48:24, 0.000000, 0.000000, 29.569889
06/27/16_14:48:25, 0.000000, 0.000000, 29.569889
06/27/16_14:48:27, 0.000000, 0.000000, 29.569889
06/27/16_14:48:28, 0.000000, 0.000000, 29.569889
06/27/16_14:48:30, 0.000000, 0.000000, 29.569889
06/27/16_14:48:31, 0.000000, 0.000000, 30.547405
06/27/16_14:48:33, 0.000000, 0.000000, 31.524921
06/27/16_14:48:34, 0.000000, 0.000000, 30.547405
06/27/16_14:48:36, 0.000000, 0.000000, 30.547405
06/27/16_14:48:37, 0.000000, 0.000000, 31.524921
06/27/16_14:48:39, 0.000000, 0.000000, 31.524921
06/27/16_14:48:40, 0.000000, 0.000188, 30.547405
06/27/16_14:48:42, 0.000375, 0.000188, 30.547405
06/27/16_14:48:43, 0.000188, 0.000188, 29.569889
06/27/16_14:48:45, 0.000375, 0.000188, 30.547405
06/27/16_14:48:46, 0.000375, 0.000188, 29.569889
06/27/16_14:48:48, 0.000562, 0.000188, 30.547405
06/27/16_14:48:49, 0.000375, 0.000188, 30.547405
06/27/16_14:48:51, 0.000375, 0.000188, 30.547405
06/27/16_14:48:52, 0.000375, 0.000188, 29.569889
06/27/16_14:48:54, 0.000188, 0.000000, 31.524921
06/27/16_14:48:55, 0.000000, 0.000188, 32.502437
06/27/16_14:48:57, 0.000000, 0.000000, 31.524921
06/27/16_14:48:58, 0.000000, 0.000000, 30.547405
06/27/16_14:49:00, -0.000188, 0.000000, 30.547405
06/27/16_14:49:01, 0.000000, 0.000000, 29.569889
06/27/16_14:49:03, -0.000188, 0.000000, 28.592372
06/27/16_14:49:04, 0.000000, 0.000000, 28.592372
06/27/16_14:49:06, 0.000000, 0.000000, 28.592372
06/27/16_14:49:07, 0.000000, 0.000000, 28.592372
06/27/16_14:49:09, 0.000000, 0.000000, 27.614856
06/27/16_14:49:10, 0.000000, 0.000000, 27.614856
06/27/16_14:49:12, 0.000000, -0.000188, 27.614856
06/27/16_14:49:13, 0.000000, -0.000188, 27.614856
06/27/16_14:49:15, 0.000000, 0.000000, 27.614856
06/27/16_14:49:16, 0.000000, 0.000000, 28.592372
06/27/16_14:49:18, 0.000000, -0.000188, 27.614856
06/27/16_14:49:19, -0.000188, 0.000000, 27.614856
06/27/16_14:49:21, 0.000000, -0.000188, 27.614856
06/27/16_14:49:22, 0.000000, 0.000000, 26.637340
06/27/16_14:49:24, 0.000000, 0.000000, 26.637340
06/27/16_14:49:25, 0.000000, 0.000000, 27.614856
06/27/16_14:49:27, -0.000188, 0.000000, 27.614856
06/27/16_14:49:28, 0.000000, 0.000000, 27.614856
06/27/16_14:49:30, 0.000000, 0.000000, 27.614856
06/27/16_14:49:31, 0.000000, -0.000188, 26.637340
06/27/16_14:49:33, 0.000000, 0.000000, 27.614856
06/27/16_14:49:34, 0.000000, 0.000000, 27.614856
06/27/16_14:49:36, 0.000000, 0.000000, 27.614856
06/27/16_14:49:37, 0.000000, 0.000000, 27.614856
06/27/16_14:49:39, 0.000000, 0.000000, 27.614856
06/27/16_14:49:40, 0.000000, -0.000188, 27.614856
06/27/16_14:49:42, 0.000000, -0.000188, 27.614856
06/27/16_14:49:43, 0.000000, 0.000000, 27.614856
06/27/16_14:49:45, 0.000000, 0.000000, 27.614856
06/27/16_14:49:46, 0.000000, 0.000000, 27.614856
06/27/16_14:49:48, 0.000000, 0.000000, 27.614856
06/27/16_14:49:49, 0.000000, -0.000188, 27.614856
06/27/16_14:49:51, 0.000000, 0.000000, 26.637340
06/27/16_14:49:52, 0.000000, 0.000000, 26.637340
06/27/16_14:49:54, 0.000000, 0.000000, 26.637340
06/27/16_14:49:55, 0.000000, 0.000000, 27.614856
06/27/16_14:49:57, 0.000000, 0.000000, 27.614856
06/27/16_14:49:58, 0.000000, -0.000188, 26.637340
06/27/16_14:50:00, 0.000000, 0.000000, 26.637340
06/27/16_14:50:01, 0.000000, 0.000000, 26.637340
06/27/16_14:50:02, 0.000000, 0.000000, 27.614856
06/27/16_14:50:04, 0.000000, 0.000000, 27.614856
06/27/16_14:50:05, 0.000000, 0.000000, 27.614856
06/27/16_14:50:07, 0.000000, 0.000000, 27.614856
06/27/16_14:50:09, 0.000000, 0.000000, 26.637340
06/27/16_14:50:10, 0.000000, 0.000000, 27.614856
06/27/16_14:50:12, 0.000000, 0.000000, 26.637340
06/27/16_14:50:13, 0.000000, 0.000000, 27.614856
06/27/16_14:50:14, 0.000000, 0.000000, 25.659824
06/27/16_14:50:16, 0.000000, 0.000000, 27.614856
06/27/16_14:50:17, 0.000000, -0.000188, 27.614856
06/27/16_14:50:19, 0.000000, 0.000000, 27.614856
06/27/16_14:50:21, 0.000000, 0.000000, 27.614856
06/27/16_14:50:22, 0.000000, 0.000000, 27.614856
06/27/16_14:50:24, -0.000188, 0.000000, 27.614856
06/27/16_14:50:25, 0.000000, 0.000000, 27.614856
06/27/16_14:50:27, 0.000000, 0.000000, 26.637340
06/27/16_14:50:28, 0.000000, 0.000000, 27.614856
06/27/16_14:50:30, 0.000000, 0.000000, 27.614856
06/27/16_14:50:31, 0.000000, 0.000000, 27.614856
06/27/16_14:50:33, 0.000000, 0.000000, 26.637340
